NO.,MODEL,Harga karton box
1,21AS253E3,66500
2,21AS353E3,66500
3,21AXS250E3,66500
4,21DS350E2,66500
5,21DS353E2,66500
6,21DXS250E2,66500
7,21DXS288RD2,66500
8,21EPS258E2,56000
9,21ES251E2,56000
10,21ES251EA,56000
11,21ES253E2,56000
12,21ES353E2,56000
13,21ESF251EA,56000
14,21GS352E,66500
15,21GS353E,66500
16,21GXS250E,66500
17,21GXS288RD,66500
18,21JS250,59000
19,21JS250TB,59000
20,21JS251,59000
21,21JS255EB,59000
22,21JS255TB,59000
23,21JS350,59000
24,21KS253,73500
25,21KS255,73500
26,21KS258,73500
27,21PF255EA,73500
28,21PF353EA,73500
29,21PF355EA,73500
244,AH-A12NCY,112000
30,AH-A18NCY,121500
31,AH-A5MEY,112000
32,AH-A5NCY-LV,121500
33,AH-A5PEY,48500
34,AH-A5PEY2,48500
35,AH-A7MEY,112000
36,AH-A7NCY,132000
37,AH-A9MEY,112000
38,AH-A9NCY,84500
39,AH-A9PEY,48500
40,AH-AP12MHL,121500
248,AH-AP12MSY,112000
252,AH-AP12MSY,112000
41,AH-AP12RSL,121500
42,AH-AP5MHL,84500
43,AH-AP5MSL,112000
44,AH-AP5NHL,84500
45,AH-AP5NSY,73500
46,AH-AP5PSY,73500
47,AH-AP5PSY2,73500
48,AH-AP5RHL,92500
49,AH-AP5RSL,40500
50,AH-AP7RHL,40500
51,AH-AP7RSL,40500
52,AH-AP9MSL,112000
53,AH-AP9NHL,84500
54,AH-AP9NSY,84500
55,AH-AP9PSY,84500
56,AH-AP9RHL,121500
57,AH-AP9RSL,112000
58,AH-XP10NRY,56000
59,AH-XP12NSY,73500
60,AH-XP18MHL,172500
61,AH-XP5NSY,73500
62,AH-XP9NSY,73500
63,AU-A12NCY,132000
64,AU-A12PSY,92500
65,AU-A18MLY,224500
66,AU-A18NCY,132000
67,AU-A5MEY,112000
68,AU-A5MLY,79500
69,AU-A5RLY,56000
70,AU-A7MEY,112000
71,AU-A7MLY,79500
72,AU-A7NCY,148500
73,AU-A7RLY,56000
74,AU-A9MEY,112000
75,AU-A9MLY,79500
76,AU-A9NCY,84500
77,AU-A9NLY,79500
78,AU-A9NSY,56000
79,AU-A9NSY,56000
80,AU-X10NY,73500
81,AU-X12NSY,92500
82,AU-X12NSY,92500
83,AU-X5NSY,92500
84,AU-X9NSY,92500
254,CBOX-1200UBL2,112000
85,CBOX-ASP1001BO,112000
85,CBOX-ASP1001B2,112000
86,CBOX-ASP805BO2,84500
87,CBOX-G600U,66500
88,EC-8304-A,73500
89,EC-8304-R,73500
90,EC-8604-A,73500
91,EC-CW110-R,66500
92,EC-CW60,59000
93,EKJ-17L(W),59000
94,ES-1025TY(BL),148500
95,ES-F850S,102500
96,ES-F865S-P,172500
97,ES-F866S-B,172500
98,ES-FL1070S,172500
99,ES-FL1080S,121500
100,ES-FL860S,148500
101,ES-Q70EY-G,79500
102,ES-Q70EY-GH,79500
103,ES-Q75EY-AH,79500
104,ES-Q75EY-GH,79500
105,ES-Q75EY-HH,79500
106,ES-R82EY-H,84500
107,ES-T60LL-G,66500
108,ES-T65MW-B,73500
109,ES-T65MW-BK,73500
110,ES-T65MW-G,73500
111,ES-T65MW-GK,73500
112,ES-T65MW-P,73500
113,ES-T65MW-PK,73500
114,ES-T65MW-PK,73500
115,ES-T68MW-PK,73500
116,ES-T70CL-PK,59000
117,ES-T70S-WK,66500
118,ES-T75EH-K,66500
119,ES-T75E-HK,66500
120,ES-T77DA-BK,66500
121,ES-T77DA-RK,66500
122,ES-T77F-PPK,66500
123,ES-T77F-PPK,66500
124,ES-T85CL-BK,73500
125,ES-T85CL-P,73500
126,ES-T85CL-P,73500
127,ES-T85CL-V,73500
128,ES-T85CL-VK,73500
129,ES-T86CL-H,73500
245,ES-T88DA-R,73500
130,ES-T88DA-V,73500
131,ES-T95CL-BK,73500
132,ES-T95CL-PK,73500
133,ES-T95CL-VK,73500
133,ES-T95CL-HK,73500
134,ES-T95CR-BK,73500
135,ES-T95CR-PK,73500
136,ES-T98DA-R,79500
137,ES-T98DA-V,79500
138,ES-TA88CA-BH,73500
139,ES-TA88CA-VH,73500
140,ES-TM14PY,121500
141,FR-G189-TS,102500
142,FR-G189-TS,102500
143,FR-K189G-CG,84500
144,FRV-127,92500
145,FRV-200,172500
146,FU-A80Y-W,132000
147,GX-M10H,73500
148,HT-CN314DVW,79500
149,HT-SB30,132000
150,IB-SS53Y-P,34000
151,KC-A40Y-B,59000
152,KC-A50Y-B,66500
153,KC-D40Y-W,251500
,KC-D40Y-B,251500
154,KC-D60Y-W,251500
249,KS-R18MS-GY,66500
155,KS-R18MS-PK,66500
251,KS-T18TL-GR,66500
156,KS-T18TL-RD,66500
250,KS-T18TL-ST,66500
157,LC-24DC30M,56000
158,LC-24DC50M,56000
159,LC-24LE155M,56000
160,LC-24LE507I,56000
161,LC-24LE507I-WH,56000
162,LC-29LE507I,34000
163,LC-29LE507I-BG,34000
253,LC-32DX888I-WH,73500
164,LC-32LE150M,73500
165,LC-32LE155M,73500
166,LC-32LE240M,79500
167,LC-32LE240M-WH,79500
168,LC-32LE340M,79500
169,LC-32LE340M,79500
170,LC-32LE340M-WH,79500
171,LC-32LE347I,40500
172,LC-32LE347I-BB,40500
173,LC-32LE347I-SW,40500
174,LC-39LE155M,73500
175,LC-40LE355M,132000
176,LC-50LE440M,172500
177,LC-50LE450M,148500
178,LC-60LE631M,92500
179,LC-60LE640X,92500
180,LC-80LE940X,480000
181,PB2-1218,16000
182,PJS-301N,
183,R-21A1(W)IN,56000
184,R-222Y(S),48500
185,R-222Y(W),48500
186,R-230R(S),56000
187,R-249IN(W),56000
188,R-299IN(S),56000
189,R-678IN(W),73500
190,R-899R(S)-IN,102500
191,SB-TI172G,59000
192,SCH-170PS,112000
193,SCH-210PS,132000
194,SCH-212PW-BK,121500
195,SJ-152MKIII-SL,73500
196,SJ-17MKII-TB,66500
197,SJ-17MKII-TS,66500
246,SJ-19BH-TB,92500
198,SJ-19SLV,79500
199,SJ-420KD-RDK,92500
200,SJ-421KP-PKK,121500
201,SJ-AG30LV-SL,132000
202,SJ-D198F-TB,66500
203,SJ-F190G-ZS,84500
204,SJ-F190M-TSK,84500
205,SJ-F190M-TSK,84500
206,SJ-F201S-RDK,84500
207,SJ-F203G-LBK,79500
208,SJ-F231S-RD,84500
209,SJ-F231S-RDK,84500
210,SJ-F232G-ZSK,84500
211,SJ-F232G-ZSK,84500
212,SJ-F232K-ZS,84500
213,SJ-F236G-SSK,84500
255,SJ-G170T-ZS,66500
214,SJ-G174TUS,73500
215,SJ-G175T-US,73500
216,SJ-G204T-US,79500
217,SJ-GF60W-AY,377000
218,SJ-K172T-ZS,73500
219,SJ-M151T-UW,66500
220,SJ-M152T-SL,73500
221,SJ-M152T-SL,73500
222,SJ-M152T-SL,73500
223,SJ-M155C-SS,73500
224,SJ-M170T-FP,73500
225,SJ-M170T-FW,73500
226,SJ-M172T-TS,73500
227,SJ-M172T-TS,73500
228,SJ-M192T-ZS,73500
229,SJ-P760NLV-SL,313500
230,SJ-P761NLV-BK,313500
231,SJ-P761NLV-SL,313500
247,SJ-P860NLV-BK,313500
232,SJ-P861NLV-BK,313500
233,SJ-S170T-RD,73500
234,SJ-S200T-RD,73500
235,SJ-X63WD-SL,346000
236,SWD-199BL(N),40500
237,SWD-299,40500
238,SWD-399BL,34000
239,SWD-399BL,34000
240,SWD-399GR,34000
241,SWD-75EHL-BD,73500
242,WJ-500-BK,59000
243,WJ-500-WH,73500
244,ES-T75E-HK,66500
245,KZ-90L(W),56000
246,SCH-212PB,121500
247,SJ-225MD-FW,84500
248,SJ-305GC-SD,84500
249,SJ-305MD-FW,84500
250,SJ-M180D-FP,73500
251,SJ-M190D-FP,73500
,SJ-M190D-FB,73500
252,SJ-P471NLV-SL,346000
253,SWD-68EH-BK,73500
254,LC-40LE265M,102500
255,LC-32LE107I,40500
256,AU-A5NSY,56000
257,CBOX-ASP250BL2,66500
258,SJ-M190D-FW,73500
259,SJ-M190D-FW,73500
260,ES-T96CA-BK,73500
261,ES-T96CA-PK,73500
262,ES-T96CA-VK,73500
263,ES-T85CR-BK,73500
264,SJ-G180C-SD,73500
265,LC-32LE265M,132000
266,ES-T88CA-VHK,73500
267,CBOX-B880UBL,92500
268,SJ-P861NLV-SL,313500
269,AU-A9RLY,66500
270,AH-XP13NRY,56000
271,AU-X13NY,56000
272,SJ-M180D-FW,73500
273,SJ-235MF-US,84500
274,SJ-235MD-FB,84500
275,AU-A5PEY,66500
276,AU-AP9RLY,66500
277,SJ-BS30E-SL,148500
278,SJ-225MD-FP,84500
279,SJ-420FF-SSK,92500
280,SJ-225MF-US,84500
281,LC-32DX888I-WHY,73500
282,SJ-P471NLV-BK,346000
283,ES-T77F-PBK,66500
284,SJ-195MD-FB,84500
285,SJ-195MD-FW,84500
,SJ-195MD-FP,84500
,SJ-195MD-SR,84500
,SJ-315SC-ST,84500
,LC-32DX888I,73500
,AH-A5SEY,112000
,ES-T75MW-HK,66500
,SJ-M180F-SS,73500
,SJ-225MD-FB,84500
,SJ-235MD-FP,84500
,SJ-235SC-ST,84500
,SJ-235GC-SP,84500
,SJ-235GC-SS,84500
,SJ-235GC-SD,84500
,SJ-F191M-FS,84500
,ES-T85CR-VK,73500
,ES-T95CR-VK,73500
,SJ-F201S-BKK,84500
,ES-T85CR-PK,73500
,ES-T1090-VK,79500
,ES-T1090-BK,79500
,SJ-235MF-US,84500
,SJ-M180D-FB,73500
,LC-60LE960X,629000
,LC-32LE260M,79500
,AU-A5SEY,40500
,AU-A5UEY,40500
,AU-A9UEY,40500
,AH-X9SEY,40500
,LC-19LE150M,56000
,PB2-0509,7000
,AH-A9SEY,48500
,AH-A9SEY2,48500
,EO-18L(W),16000
,EO-28LP(K),73500
,SJ-235MD-FW,84500
,SJ-235MD-FD,84500
,SJ-315MD-FB,84500
,IB-SD23Y-N,34000
,LC-32LE384I,40500
,SWD-72EH-WH,79500
,SWD-70EHL-SL,73500
,AU-A18SCY,132000
,ES-F800H,102500
,SJ-P570NLV-SL,377000
,AH-A12SCY,112000
,ES-T1090-PK,79500
,SJ-305MD-FP,84500
,SJ-305MD-FB,84500
,ES-T86CL-HK,148500
,KZS-80LP(K),34000
,SJ-BW30D-BK,172500
,AU-A5NLY,79500
,AU-A12RLY,56500
,AU-A18MSY,224500
,AU-A5NCY-LV,132000
,AH-A12PEY,73500
,AH-AP7NSY,73500
,AH-AP9SHL,48500
,CV-P09GRV,199000
,SJ-P570NLV-BK,377000
,SJ-P571NLV-SL,377000
,SJ-19MKII-TB,66500
,SJ-G175T-UP,73500
,SJ-K210T-ZS,73500
,SJ-M161T-TS,92500
,ES-F886S-B,172500
,ES-TM14P-Y,121500
,SJ-BW30P-BK,172500
,SJ-P571NLV-BK,377000
,CBOX-B805UBO,84500
,CBOX-BFM1001UW,112000
,KS-R18MS-BR,66500
,KS-TH18-RD,66500
,AU-A5SSY,56000
,AU-A7SSY,56000
,AU-A9SSY2,56000
,LC-32LE348I,40500
,AU-X9SEY,56000
,AU-A5SHL,56000
,AH-AP5SHL,48500
,AH-XP13SHY,48500
,AU-X13SHY,56000
,AH-XP6SHY,48500
,AU-X6SHY,56000
,AH-A7SEY,56000
,ES-T86CA-BK,148500
,AH-AP9SSY,48500
,AH-AP9SSY2,48500
,AH-AP7SHL,48500
,AH-A5SCY,121500
,AH-A18MEY,172500
,AH-A7PEY2,48500
,AH-AP18MHL,172500
,AH-AP12RHL,40500
,SJ-G173T-ZS,73500
,FR-189BCL,102500
,AU-A9SCY,84500
,AU-A7SCY,84500
,LC-50UE1M,121500
,AH-A9SCY,84500
,SJ-315MD-FP,84500
,ES-T89DA-VK,73500
,SJ-315GC-SP,84500
,LC-55LE460X,132000
,AU-A12MSY,172500
,AU-A9SEY,56000
,AU-A9SEY2,56000
,AU-A7SEY,56000
,AU-A12SEY,92500
,AH-A9SSY,48500
,AH-AP5SSY,48500
,ES-Q75EY-G,79500
,ES-FL1280J,121500
,R-678IN(S),73500
,KS-R19ST,66500
,KS-TH18-GR,66500
,KC-A50Y-W,66500
,CBOX-WF2150,73500
,CBOX-RA2150B,79500
,LC-40LE360D2,132000
,CBOX-RA400BO,84500
,AU-A7NSY,56000
,AU-A12PEY,73500
,KS-TH18-WH,66500
,FU-A80Y-N,132000
,AH-A7SCY,84500
,AU-A18SEY,84500
,KC-A40Y-W,59000
,LC-50LE275X,132000
,ES-T88DA-RK,73500
,AU-A9SHL,56000
,AH-A7NSY,73500
,SJ-M165F-FW,73500
,SJ-M165F-SS,73500
,ES-G865P-G,112000
,AU-A12SHL,132000
,SB-TI181P,132000
,LC-40LE660X,121500
,LC-50LE860M,282500
,R-728(S)IN,132000
,AH-A9SDL,48500
,AH-A9UDL,48500
,AH-A7UDL,48500
,AH-A5UEY,48500
,AH-A9UEY,48500
,SWD-72EHL-BK,79500
,PJ-A36TY-W,121500
,LC-58LE275X,282500
,SJ-315GC-SS,84500
,EMH-15L(W),16000
,PJ-A55TY-W,132000
,PJ-A36TY-B,121500
,ES-T98DA-BK,79500
,KZS-70L(W),28000
,AU-A7SHL,56000
,AH-A5SHL,48500
,SWD-68EHL-BK,73500
,PJ-A55TY-B,132000
,LC-40LE265M-WH,132000
,LC-32DX888I-Y,73500
,ES-T77FP-BK,66500
,AU-A5SDL,48500
,AU-A5UDL,48500
,AU-A7UDL,48500
,AU-A9UDL,48500
,AU-X12SEY,66500
,SB-TW101P,
,R-728(S)-IN,56000
,R-728(W)-IN,56000
,R-728(K)-IN,56000
,LC-32LE260I,34000
,LC-24LE170I,21500
,LC-24LE175I,21500
,SJ-M165F-FW,66500
,FP-FM40Y-B,79500
,CBOX-G600UBL2,66500
,ES-T96CL-HK,79500
,ES-G885P-G,112000
,AH-A5SDL,48500
,AH-A7SDL,48500
,SWD-72EHL-WH,79500
,SJ-I470NLV-SL,224500
,ES-FL872,172500
,ES-FL862,172500
,LC-50UE630X,282500
,LC-32LE265I,34000
,ES-T75MW-BK,66500
,ES-T75MW-PK,66500
,ES-FL1082G,199000
,XL-LS703BH(PK),121500
,LC-32DX888I-Y,73500
,LC-32LE265I-TT,34000
,LC-19LE150M,56000
,LC-24LE175I-TT,21500
,LC-32LE260I-TT,34000
,SJ-M165F-FP,73500
,ES-FL1290G,121500
,AH-AP12SSY,48500
,AU-A12SSY,66500
,EC-830S-P,73500
,EC-830S-B,73500
,EC-NS16-R,92500
,EC-NS16-V,92500
,FJ-M195K-SS,92500
,FJ-M195N-SS,92500
,ES-T85MW-HK,73500
,LC-24LE170I-TT,28000
,ES-T68MW-BK,73500
,AH-A9TEY,56000
,LC-50LE570X,121500
,SJ-GF60A,377000
,FP-FM40,79500
,EC-HX100,92500
,SJ-IP90PB-SL,346000
,SWD-T92ED-WH,73500
,SWD-T102ES-BK,84500
,ES-M805,121500
,SJ-420GP-SD,102500
,SWD-78EHL-SL,102500
,SWD-80EHL-BK,102500
,ES-M805P-WB,121500
,ES-M805P-WR,121500
,FP-F30Y-A,79500
,FP-F40Y-T,79500
,FRV-300,172500
,SJ-BW30D-SL,172500
,LC-70XU830X,443000
,SJ-360IS-SL,199000
,SJ-IP471NLV-BK,224500
,SJ-IP571NLV-BK,224500
,FP-F30Y-H,79500
,SJ-M175F-US,73500
,ES-T971DM-PK,73500
,ES-T971DM-BL,73500
,ES-T85MW-BK,73500
,SCH-250PS,132000
,SWD-T92ES-BK,73500
,SCH-190PS,121500
,LC-65LE275X,282500
,AU-A9SDL,66500
,ES-G885S-G,132000
,R-730IN(ST),148500
,FRW-210,172500
,SJ-M165F-FB,66500
,SJ-360IP-SL,199000
,FP-F40Y-W,79500
,ES-G875P-G,112000
,ES-F800T-BL,121500
,AU-X10SHY,59000
,CBOX-B880UBL2,92500
,AH-A18SCY,112000
,AH-A12SEY,92500
,EC-8305-B,73500
,EC-8305-P,73500
,ES-FL1082,199000
,AH-AP7SSY,48500
,KS-R18MS-PP,66500
,LC-32LE180I,34000
,KS-N18ME-L,73500
,KS-N18ME-C,73500
,ES-M1008T-SA,132000
,AH-A18SEY,172500
,KSH-777,102500
,SJ-420GD-FW,112000
,ES-T102ES-BK,84500
,SWD-73EHL-BK,121500
,AU-A9TEY,66500
,AU-A5TEY,66500
,AH-X18SEY,84500
,AH-XP10UHY,48500
,AH-XP10SHY,48500
,AU-A5SCY,84500
,PN-U553,282500
,AH-A5TEY,56000
,AH-A7TEY,56000
,EM-110-B,48500
,SJ-X185MG-GR,79500
,SJ-X185MG-GB,79500
,SJ-X185MG-FB,79500
,SJ-X185MG-FR,79500
,SJ-X185M-SR,79500
,SJ-X185M-SG,79500
,CBOX-BM2100SB2,40500
,CBOX-ASP350BL2,73500
,SJ-315GC-SD,84500
,ES-M905P-WR,121500
,ES-M905P-WB,121500
,ES-T871DM-BL,73500
,ES-T871DM-PK,73500
,EM-T151P(K),66500
,SJ-IP761NLV-BK,224500
,AH-X12SEY,48500
,AH-AP12SHL,48500
,EKJ-17LP(K),59000
,EM-TI15LP(K),66500
,CBOX-G805UBO2,112000
,LC-40LE275X,132000
,PJ-A77TY-B,132000
,SJ-IP860NLV-SL,224500
,SJ-IF90PB-SL,346000
,EM-125L(W),48500
,SJ-G190C-SS,73500
,LC-60LE950X,282500
,SJ-450GD-FW,121500
,SJ-X165M-SR,79500
,SJ-X165MG-GB,79500
,SJ-X165MG-GR,79500
,SJ-G180C-SS,
,AU-A7SDL,56000
,AU-A7TEY,56000
,ES-M1108T-SA,132000
,SJ-236ND-FW,92500
,SJ-236ND-FP,92500
,SJ-316ND-FW,102500
,SJ-316ND-FP,102500
,SWD-75EHL-SL,73500
,ES-T85MW-PK,73500
,LC-40LE185I-WH,56000
,LC-40LE185I,56000
,SJ-I330FC-GS,148500
,FP-E50Y-W,199000
,FP-F30Y-C,79500
,LC-40LE295I,67500
,LC-43LE285I,80000
,LC-43LE185I,80000
,ES-T97CM-BL,88500
,LC-32LE295I,41000
,SJ-IP861NLV-BK,270500
,SJ-326XG-MS,49000
,LC-32LE185I,34000
,LC-32LE185I-WH,34000
,SJ-IP760NLV-SL,224500
,GU-A42TCY,239500
,FRV-210H,67500
,SWD-T40N-PK,111500
,SJ-N166F-FW,88500
,SJ-N166F-FB,88500
,SJ-N166F-FP,88500
,SJ-246XG-MS,123500
,CV-P10TCY,239500
,AU-A24SEY,96000
,SJ-N181D-FW,96000
,SJ-N181D-FP,96000
,LC-50LE580X,146500
,SJ-I360FC-GS,179000
,SJ-I260FC-GS,146500
,PJ-A26MY-B,179000
,GU-A48SCY,270500
,GU-A30TCY,239500
,SWD-T102ED-WH,102000
,EC-HX100Y-S,111500
,KS-P8MY-WH,125000
,SJ-236MD-FB,92500
,LC-50LE380X,270500
,LC-45LE280X,208000
,GS-A24SCY,239500
,SJ-N191D-FP,96000
,SJ-246XG-MR,123500
,SJ-N191D-FW,96000
,ES-T1490WA-BL,102000
,GS-A48SCY,303000
,SWD-T40N-BL,111500
,SJ-I290FC-GS,146500
,R-25C1(S)IN,34000
,LC-60LE580X,454000
,LC-65UE630X,533000
,AU-A12UHL,80000
,AH-AP9UHL,49000
,SCH-290H-WF,577500
,FRV-310H,533000
,LC-50UA440X,377500
,FP-GM30Y-B,159000
,AU-X6UHY,71000
,GS-A18SCY,303000
,GU-A24SCY,208000
,SWD-66EHL-BP,88500
,AH-X12UEY,96000
,ES-T1290WA-PK,102000
,AU-A5UCY,123500
,AH-A5UCY,88500
,SWD-66EHL-BS,123500
,R-21D0(S)IN,67500
,SJ-326XG-MR,123500
,SJ-X165MG-FB,79500
,HM-80L(W),41000
,LC-60LE380X,340000
,SJ-I570NLV-SL,239500
,AU-A18UCY,179000
,AH-A12UCY,102000
,AU-A12UCY,146500
,AU-A9UCY,123500
,AH-A9UCY,88500
,AH-A18UCY,111500
,AU-A7UCY,123500
,AH-A7UCY,88500
,ES-F1408X-SL,340000
,SJ-N181D-FB,96000
,AU-A5UHL,49000
,KS-A18TTR,19500
,FR-195TGL-HS2,44560
,SWD-T40C-BL,111500
,GU-A18SCY,239500
,AH-AP5UHL,49000
,AH-AP7UHL,49000
,AU-A9UHL,67500
,SJ-X195MG-GB,96000
,KS-N18MG-PK,71000
,KS-N18MG-SL,71000
,KS-N18MG-RD,71000
,AH-A5UDL,49000
,AH-A9VEY,96000
,AU-A9VEY,159000
,AH-A5VEY,88500
,AU-A5VEY,123500
,LC-32LE179I,41000
,CBOX-PRO20UBB,50000
,LC-24SA4100I,34000
,CBOX-RB1280UBL,146500
,AH-A24UCY,
,SJ-450GP-SD,121500
,AU-A12VEY,146500
,AH-A12VEY,102000
,AH-A7VEY,96000
,AU-A7VEY,146500
,LC-50SA5200X,416500
,LC-40LE380X,208000
,SJ-IG571PG-BK,303000
,LC-60UA440X,533000
