1,3c114c03-6052-4781-8133,1,1,1,1
2,3c114c03-6052-4781-8133,2,1,1,1
3,3c114c03-6052-4781-8133,3,1,1,1
4,3c114c03-6052-4781-8133,4,1,1,1
5,3c114c03-6052-4781-8133,6,1,1,1
6,3c114c03-6052-4781-8133,7,1,1,1
7,3c114c03-6052-4781-8133,8,1,1,1
8,3c114c03-6052-4781-8133,9,1,1,1
17,3c114c03-6052-4781-8133,10,1,1,1
18,3c114c03-6052-4781-8133,12,1,1,1
19,3c114c03-6052-4781-8133,13,1,1,1
20,3c114c03-6052-4781-8133,14,1,1,1
21,3c114c03-6052-4781-8133,15,1,1,1
22,3c114c03-6052-4781-8133,16,1,1,1
23,3c114c03-6052-4781-8133,17,1,1,1
24,3c114c03-6052-4781-8133,18,1,1,1
25,1db40d13-ecbe-44cd-b5d0-fbd6aa28a2ce,16,1,0,0
26,1db40d13-ecbe-44cd-b5d0-fbd6aa28a2ce,10,1,1,1
27,1db40d13-ecbe-44cd-b5d0-fbd6aa28a2ce,13,1,1,1
28,1db40d13-ecbe-44cd-b5d0-fbd6aa28a2ce,14,1,1,1
29,1db40d13-ecbe-44cd-b5d0-fbd6aa28a2ce,15,1,1,1
30,1db40d13-ecbe-44cd-b5d0-fbd6aa28a2ce,17,1,1,1
31,1db40d13-ecbe-44cd-b5d0-fbd6aa28a2ce,18,1,1,1
32,1db40d13-ecbe-44cd-b5d0-fbd6aa28a2ce,4,1,0,0
33,1db40d13-ecbe-44cd-b5d0-fbd6aa28a2ce,6,1,1,0
34,1db40d13-ecbe-44cd-b5d0-fbd6aa28a2ce,7,1,0,0
35,1db40d13-ecbe-44cd-b5d0-fbd6aa28a2ce,8,1,1,0
36,1db40d13-ecbe-44cd-b5d0-fbd6aa28a2ce,12,1,1,0
37,1db40d13-ecbe-44cd-b5d0-fbd6aa28a2ce,9,1,1,0
38,1db40d13-ecbe-44cd-b5d0-fbd6aa28a2ce,1,0,0,0
39,1db40d13-ecbe-44cd-b5d0-fbd6aa28a2ce,2,0,0,0
40,1db40d13-ecbe-44cd-b5d0-fbd6aa28a2ce,3,1,0,0
41,22b7074b-a991-492b-bfbf-51bd63f5d5a9,16,1,0,0
42,22b7074b-a991-492b-bfbf-51bd63f5d5a9,10,1,0,0
43,22b7074b-a991-492b-bfbf-51bd63f5d5a9,13,1,0,0
44,22b7074b-a991-492b-bfbf-51bd63f5d5a9,14,1,0,0
45,22b7074b-a991-492b-bfbf-51bd63f5d5a9,15,1,0,0
46,22b7074b-a991-492b-bfbf-51bd63f5d5a9,17,1,0,0
47,22b7074b-a991-492b-bfbf-51bd63f5d5a9,18,1,0,0
48,22b7074b-a991-492b-bfbf-51bd63f5d5a9,4,1,0,0
49,22b7074b-a991-492b-bfbf-51bd63f5d5a9,6,1,0,0
50,22b7074b-a991-492b-bfbf-51bd63f5d5a9,7,1,0,0
51,22b7074b-a991-492b-bfbf-51bd63f5d5a9,8,1,0,0
52,22b7074b-a991-492b-bfbf-51bd63f5d5a9,12,1,0,0
53,22b7074b-a991-492b-bfbf-51bd63f5d5a9,9,1,0,0
54,22b7074b-a991-492b-bfbf-51bd63f5d5a9,1,0,0,0
55,22b7074b-a991-492b-bfbf-51bd63f5d5a9,2,0,0,0
56,22b7074b-a991-492b-bfbf-51bd63f5d5a9,3,1,0,0
73,ebfba4e7-0d88-4577-a752-f385ae9d763a,16,1,1,1
74,ebfba4e7-0d88-4577-a752-f385ae9d763a,10,1,1,1
75,ebfba4e7-0d88-4577-a752-f385ae9d763a,13,1,1,1
76,ebfba4e7-0d88-4577-a752-f385ae9d763a,14,1,1,1
77,ebfba4e7-0d88-4577-a752-f385ae9d763a,15,1,1,1
78,ebfba4e7-0d88-4577-a752-f385ae9d763a,17,1,1,1
79,ebfba4e7-0d88-4577-a752-f385ae9d763a,18,1,1,1
80,ebfba4e7-0d88-4577-a752-f385ae9d763a,4,1,1,1
81,ebfba4e7-0d88-4577-a752-f385ae9d763a,6,1,1,1
82,ebfba4e7-0d88-4577-a752-f385ae9d763a,7,1,1,1
83,ebfba4e7-0d88-4577-a752-f385ae9d763a,8,1,1,1
84,ebfba4e7-0d88-4577-a752-f385ae9d763a,12,1,1,1
85,ebfba4e7-0d88-4577-a752-f385ae9d763a,9,1,1,1
86,ebfba4e7-0d88-4577-a752-f385ae9d763a,1,0,0,0
87,ebfba4e7-0d88-4577-a752-f385ae9d763a,2,0,0,0
88,ebfba4e7-0d88-4577-a752-f385ae9d763a,3,1,0,0
89,7445afc7-0d76-4cd0-a1e0-a74d86635634,16,1,0,0
90,7445afc7-0d76-4cd0-a1e0-a74d86635634,10,0,0,0
91,7445afc7-0d76-4cd0-a1e0-a74d86635634,13,0,0,0
92,7445afc7-0d76-4cd0-a1e0-a74d86635634,14,0,0,0
93,7445afc7-0d76-4cd0-a1e0-a74d86635634,15,1,0,0
94,7445afc7-0d76-4cd0-a1e0-a74d86635634,17,1,1,1
95,7445afc7-0d76-4cd0-a1e0-a74d86635634,18,0,0,0
96,7445afc7-0d76-4cd0-a1e0-a74d86635634,4,0,0,0
97,7445afc7-0d76-4cd0-a1e0-a74d86635634,6,0,0,0
98,7445afc7-0d76-4cd0-a1e0-a74d86635634,7,0,0,0
99,7445afc7-0d76-4cd0-a1e0-a74d86635634,8,0,0,0
100,7445afc7-0d76-4cd0-a1e0-a74d86635634,12,0,0,0
101,7445afc7-0d76-4cd0-a1e0-a74d86635634,9,0,0,0
102,7445afc7-0d76-4cd0-a1e0-a74d86635634,1,0,0,0
103,7445afc7-0d76-4cd0-a1e0-a74d86635634,2,0,0,0
104,7445afc7-0d76-4cd0-a1e0-a74d86635634,3,0,0,0
105,93c294c5-f5d2-489c-816a-731997c99021,16,1,0,0
106,93c294c5-f5d2-489c-816a-731997c99021,10,1,1,1
107,93c294c5-f5d2-489c-816a-731997c99021,13,1,0,0
108,93c294c5-f5d2-489c-816a-731997c99021,14,1,0,0
109,93c294c5-f5d2-489c-816a-731997c99021,15,1,0,0
110,93c294c5-f5d2-489c-816a-731997c99021,17,1,0,0
111,93c294c5-f5d2-489c-816a-731997c99021,18,1,0,0
112,93c294c5-f5d2-489c-816a-731997c99021,4,1,0,0
113,93c294c5-f5d2-489c-816a-731997c99021,6,1,0,0
114,93c294c5-f5d2-489c-816a-731997c99021,7,1,0,0
115,93c294c5-f5d2-489c-816a-731997c99021,8,1,0,0
116,93c294c5-f5d2-489c-816a-731997c99021,12,1,0,0
117,93c294c5-f5d2-489c-816a-731997c99021,9,1,0,0
118,93c294c5-f5d2-489c-816a-731997c99021,1,0,0,0
119,93c294c5-f5d2-489c-816a-731997c99021,2,0,0,0
120,93c294c5-f5d2-489c-816a-731997c99021,3,1,0,0
121,3c114c03-6052-4781-8133,19,1,1,1
122,ebfba4e7-0d88-4577-a752-f385ae9d763a,19,1,1,1
123,3c114c03-6052-4781-8133,20,1,1,1
124,22b7074b-a991-492b-bfbf-51bd63f5d5a9,19,1,0,0
125,22b7074b-a991-492b-bfbf-51bd63f5d5a9,20,1,1,1
126,1db40d13-ecbe-44cd-b5d0-fbd6aa28a2ce,19,1,0,0
127,1db40d13-ecbe-44cd-b5d0-fbd6aa28a2ce,20,1,1,1
128,ebfba4e7-0d88-4577-a752-f385ae9d763a,20,1,1,1
129,7445afc7-0d76-4cd0-a1e0-a74d86635634,19,1,0,0
130,7445afc7-0d76-4cd0-a1e0-a74d86635634,20,0,0,0
131,8dc392e5-dd48-4f2a-927a-4aba639bbb2c,16,1,0,0
132,8dc392e5-dd48-4f2a-927a-4aba639bbb2c,19,1,0,0
133,8dc392e5-dd48-4f2a-927a-4aba639bbb2c,10,1,1,1
134,8dc392e5-dd48-4f2a-927a-4aba639bbb2c,13,1,1,1
135,8dc392e5-dd48-4f2a-927a-4aba639bbb2c,14,1,1,1
136,8dc392e5-dd48-4f2a-927a-4aba639bbb2c,15,1,1,1
137,8dc392e5-dd48-4f2a-927a-4aba639bbb2c,17,1,1,1
138,8dc392e5-dd48-4f2a-927a-4aba639bbb2c,18,1,1,1
139,8dc392e5-dd48-4f2a-927a-4aba639bbb2c,4,1,0,0
140,8dc392e5-dd48-4f2a-927a-4aba639bbb2c,6,1,0,0
141,8dc392e5-dd48-4f2a-927a-4aba639bbb2c,7,1,0,0
142,8dc392e5-dd48-4f2a-927a-4aba639bbb2c,8,1,0,0
143,8dc392e5-dd48-4f2a-927a-4aba639bbb2c,12,1,0,0
144,8dc392e5-dd48-4f2a-927a-4aba639bbb2c,9,1,1,0
145,8dc392e5-dd48-4f2a-927a-4aba639bbb2c,20,1,1,1
146,8dc392e5-dd48-4f2a-927a-4aba639bbb2c,1,0,0,0
147,8dc392e5-dd48-4f2a-927a-4aba639bbb2c,2,0,0,0
148,8dc392e5-dd48-4f2a-927a-4aba639bbb2c,3,1,0,0
149,22b7074b-a991-492b-bfbf-51bd63f5d5a9,23,1,0,0
150,22b7074b-a991-492b-bfbf-51bd63f5d5a9,21,1,1,1
151,22b7074b-a991-492b-bfbf-51bd63f5d5a9,22,1,1,1
152,ebfba4e7-0d88-4577-a752-f385ae9d763a,23,1,1,1
153,ebfba4e7-0d88-4577-a752-f385ae9d763a,21,1,1,1
154,ebfba4e7-0d88-4577-a752-f385ae9d763a,22,1,1,1
155,8dc392e5-dd48-4f2a-927a-4aba639bbb2c,23,1,1,1
156,8dc392e5-dd48-4f2a-927a-4aba639bbb2c,21,1,1,1
157,8dc392e5-dd48-4f2a-927a-4aba639bbb2c,22,1,1,1
158,1db40d13-ecbe-44cd-b5d0-fbd6aa28a2ce,23,1,1,1
159,1db40d13-ecbe-44cd-b5d0-fbd6aa28a2ce,21,1,1,1
160,1db40d13-ecbe-44cd-b5d0-fbd6aa28a2ce,22,1,1,1
161,3c114c03-6052-4781-8133,23,1,1,1
162,3c114c03-6052-4781-8133,21,1,1,1
163,3c114c03-6052-4781-8133,22,1,1,1
167,93c294c5-f5d2-489c-816a-731997c99021,19,1,0,0
168,7445afc7-0d76-4cd0-a1e0-a74d86635634,23,0,0,0
169,93c294c5-f5d2-489c-816a-731997c99021,20,1,1,1
170,7445afc7-0d76-4cd0-a1e0-a74d86635634,21,0,0,0
171,7445afc7-0d76-4cd0-a1e0-a74d86635634,22,0,0,0
172,3c114c03-6052-4781-8133,24,1,1,1
173,7445afc7-0d76-4cd0-a1e0-a74d86635634,24,0,0,0
174,22b7074b-a991-492b-bfbf-51bd63f5d5a9,24,1,1,1
175,1db40d13-ecbe-44cd-b5d0-fbd6aa28a2ce,24,1,1,1
176,8dc392e5-dd48-4f2a-927a-4aba639bbb2c,24,1,1,1
177,3c114c03-6052-4781-8133,26,1,1,1
178,22b7074b-a991-492b-bfbf-51bd63f5d5a9,26,1,0,0
179,7445afc7-0d76-4cd0-a1e0-a74d86635634,26,1,0,0
180,1db40d13-ecbe-44cd-b5d0-fbd6aa28a2ce,26,1,0,0
181,8dc392e5-dd48-4f2a-927a-4aba639bbb2c,26,1,0,0
184,ebfba4e7-0d88-4577-a752-f385ae9d763a,26,1,1,1
185,ebfba4e7-0d88-4577-a752-f385ae9d763a,24,0,0,0
186,93c294c5-f5d2-489c-816a-731997c99021,26,1,0,0
187,93c294c5-f5d2-489c-816a-731997c99021,23,1,1,1
188,93c294c5-f5d2-489c-816a-731997c99021,21,1,1,1
189,93c294c5-f5d2-489c-816a-731997c99021,22,1,1,1
190,93c294c5-f5d2-489c-816a-731997c99021,24,1,1,1
191,3c114c03-6052-4781-8133,38,1,1,1
192,3c114c03-6052-4781-8133,46,1,1,1
193,3c114c03-6052-4781-8133,49,1,1,1
194,3c114c03-6052-4781-8133,50,1,1,1
195,3c114c03-6052-4781-8133,52,1,1,1
196,3c114c03-6052-4781-8133,29,1,1,1
197,3c114c03-6052-4781-8133,33,1,1,1
198,3c114c03-6052-4781-8133,34,1,1,1
199,3c114c03-6052-4781-8133,56,1,1,1
200,3c114c03-6052-4781-8133,31,1,1,1
201,3c114c03-6052-4781-8133,32,1,1,1
202,3c114c03-6052-4781-8133,35,1,1,1
203,3c114c03-6052-4781-8133,36,1,1,1
204,3c114c03-6052-4781-8133,51,1,1,1
205,3c114c03-6052-4781-8133,55,1,1,1
206,3c114c03-6052-4781-8133,54,0,0,0
208,3c114c03-6052-4781-8133,28,1,1,1
209,3c114c03-6052-4781-8133,37,1,1,1
210,3c114c03-6052-4781-8133,41,1,1,1
211,3c114c03-6052-4781-8133,42,1,1,1
212,3c114c03-6052-4781-8133,43,1,1,1
213,3c114c03-6052-4781-8133,44,1,1,1
214,3c114c03-6052-4781-8133,45,1,1,1
215,3c114c03-6052-4781-8133,47,1,1,1
216,93c294c5-f5d2-489c-816a-731997c99021,38,1,0,0
217,93c294c5-f5d2-489c-816a-731997c99021,46,1,0,0
218,93c294c5-f5d2-489c-816a-731997c99021,49,1,0,0
219,93c294c5-f5d2-489c-816a-731997c99021,50,0,0,0
220,93c294c5-f5d2-489c-816a-731997c99021,52,0,0,0
221,93c294c5-f5d2-489c-816a-731997c99021,29,1,0,0
222,93c294c5-f5d2-489c-816a-731997c99021,33,0,0,0
223,93c294c5-f5d2-489c-816a-731997c99021,34,1,0,0
224,93c294c5-f5d2-489c-816a-731997c99021,56,1,0,0
225,93c294c5-f5d2-489c-816a-731997c99021,31,1,1,1
226,93c294c5-f5d2-489c-816a-731997c99021,32,1,1,1
227,93c294c5-f5d2-489c-816a-731997c99021,35,1,1,1
228,93c294c5-f5d2-489c-816a-731997c99021,36,1,1,1
229,93c294c5-f5d2-489c-816a-731997c99021,51,1,1,1
230,93c294c5-f5d2-489c-816a-731997c99021,55,1,1,1
231,93c294c5-f5d2-489c-816a-731997c99021,54,0,0,0
233,93c294c5-f5d2-489c-816a-731997c99021,28,1,0,0
234,93c294c5-f5d2-489c-816a-731997c99021,37,0,0,0
235,93c294c5-f5d2-489c-816a-731997c99021,41,0,0,0
236,93c294c5-f5d2-489c-816a-731997c99021,42,1,1,1
237,93c294c5-f5d2-489c-816a-731997c99021,43,1,1,1
238,93c294c5-f5d2-489c-816a-731997c99021,44,1,0,0
239,93c294c5-f5d2-489c-816a-731997c99021,45,1,0,0
240,93c294c5-f5d2-489c-816a-731997c99021,47,1,1,1
241,8dc392e5-dd48-4f2a-927a-4aba639bbb2c,38,1,1,1
242,8dc392e5-dd48-4f2a-927a-4aba639bbb2c,46,1,1,1
243,8dc392e5-dd48-4f2a-927a-4aba639bbb2c,49,1,0,0
244,8dc392e5-dd48-4f2a-927a-4aba639bbb2c,50,1,1,1
245,8dc392e5-dd48-4f2a-927a-4aba639bbb2c,52,0,0,0
246,8dc392e5-dd48-4f2a-927a-4aba639bbb2c,29,1,0,0
247,8dc392e5-dd48-4f2a-927a-4aba639bbb2c,33,0,0,0
248,8dc392e5-dd48-4f2a-927a-4aba639bbb2c,34,1,1,1
249,8dc392e5-dd48-4f2a-927a-4aba639bbb2c,56,1,1,1
250,8dc392e5-dd48-4f2a-927a-4aba639bbb2c,31,0,0,0
251,8dc392e5-dd48-4f2a-927a-4aba639bbb2c,32,0,0,0
252,8dc392e5-dd48-4f2a-927a-4aba639bbb2c,35,0,0,0
253,8dc392e5-dd48-4f2a-927a-4aba639bbb2c,36,0,0,0
254,8dc392e5-dd48-4f2a-927a-4aba639bbb2c,51,1,1,1
255,8dc392e5-dd48-4f2a-927a-4aba639bbb2c,55,1,1,1
256,8dc392e5-dd48-4f2a-927a-4aba639bbb2c,54,0,0,0
257,8dc392e5-dd48-4f2a-927a-4aba639bbb2c,28,1,0,0
258,8dc392e5-dd48-4f2a-927a-4aba639bbb2c,37,1,0,0
259,8dc392e5-dd48-4f2a-927a-4aba639bbb2c,41,1,1,0
260,8dc392e5-dd48-4f2a-927a-4aba639bbb2c,42,1,1,1
261,8dc392e5-dd48-4f2a-927a-4aba639bbb2c,43,0,0,0
262,8dc392e5-dd48-4f2a-927a-4aba639bbb2c,44,1,1,1
263,8dc392e5-dd48-4f2a-927a-4aba639bbb2c,45,0,0,0
264,8dc392e5-dd48-4f2a-927a-4aba639bbb2c,47,1,1,1
265,ebfba4e7-0d88-4577-a752-f385ae9d763a,38,1,1,1
266,ebfba4e7-0d88-4577-a752-f385ae9d763a,46,1,1,1
267,ebfba4e7-0d88-4577-a752-f385ae9d763a,49,1,0,0
268,ebfba4e7-0d88-4577-a752-f385ae9d763a,50,0,0,0
269,ebfba4e7-0d88-4577-a752-f385ae9d763a,52,0,0,0
270,ebfba4e7-0d88-4577-a752-f385ae9d763a,29,1,0,0
271,ebfba4e7-0d88-4577-a752-f385ae9d763a,33,0,0,0
272,ebfba4e7-0d88-4577-a752-f385ae9d763a,34,1,1,1
273,ebfba4e7-0d88-4577-a752-f385ae9d763a,56,1,1,1
274,ebfba4e7-0d88-4577-a752-f385ae9d763a,31,0,0,0
275,ebfba4e7-0d88-4577-a752-f385ae9d763a,32,0,0,0
276,ebfba4e7-0d88-4577-a752-f385ae9d763a,35,0,0,0
277,ebfba4e7-0d88-4577-a752-f385ae9d763a,36,0,0,0
278,ebfba4e7-0d88-4577-a752-f385ae9d763a,51,1,1,1
279,ebfba4e7-0d88-4577-a752-f385ae9d763a,55,1,1,1
280,ebfba4e7-0d88-4577-a752-f385ae9d763a,54,0,0,0
281,ebfba4e7-0d88-4577-a752-f385ae9d763a,28,1,0,0
282,ebfba4e7-0d88-4577-a752-f385ae9d763a,37,1,0,0
283,ebfba4e7-0d88-4577-a752-f385ae9d763a,41,1,0,0
284,ebfba4e7-0d88-4577-a752-f385ae9d763a,42,0,0,0
285,ebfba4e7-0d88-4577-a752-f385ae9d763a,43,1,1,1
286,ebfba4e7-0d88-4577-a752-f385ae9d763a,44,1,1,1
287,ebfba4e7-0d88-4577-a752-f385ae9d763a,45,0,0,0
288,ebfba4e7-0d88-4577-a752-f385ae9d763a,47,1,1,1
289,22b7074b-a991-492b-bfbf-51bd63f5d5a9,38,0,0,0
290,22b7074b-a991-492b-bfbf-51bd63f5d5a9,46,0,0,0
291,22b7074b-a991-492b-bfbf-51bd63f5d5a9,49,1,0,0
292,22b7074b-a991-492b-bfbf-51bd63f5d5a9,50,1,0,0
293,22b7074b-a991-492b-bfbf-51bd63f5d5a9,52,0,0,0
294,22b7074b-a991-492b-bfbf-51bd63f5d5a9,29,1,0,0
295,22b7074b-a991-492b-bfbf-51bd63f5d5a9,33,1,0,0
296,22b7074b-a991-492b-bfbf-51bd63f5d5a9,34,0,0,0
297,22b7074b-a991-492b-bfbf-51bd63f5d5a9,56,0,0,0
298,22b7074b-a991-492b-bfbf-51bd63f5d5a9,31,1,1,1
299,22b7074b-a991-492b-bfbf-51bd63f5d5a9,32,1,1,1
300,22b7074b-a991-492b-bfbf-51bd63f5d5a9,35,1,1,1
301,22b7074b-a991-492b-bfbf-51bd63f5d5a9,36,1,1,1
302,22b7074b-a991-492b-bfbf-51bd63f5d5a9,51,1,1,1
303,22b7074b-a991-492b-bfbf-51bd63f5d5a9,55,1,1,1
304,22b7074b-a991-492b-bfbf-51bd63f5d5a9,54,0,0,0
305,22b7074b-a991-492b-bfbf-51bd63f5d5a9,28,0,0,0
306,22b7074b-a991-492b-bfbf-51bd63f5d5a9,37,0,0,0
307,22b7074b-a991-492b-bfbf-51bd63f5d5a9,41,0,0,0
308,22b7074b-a991-492b-bfbf-51bd63f5d5a9,42,0,0,0
309,22b7074b-a991-492b-bfbf-51bd63f5d5a9,43,0,0,0
310,22b7074b-a991-492b-bfbf-51bd63f5d5a9,44,1,1,1
311,22b7074b-a991-492b-bfbf-51bd63f5d5a9,45,0,0,0
312,22b7074b-a991-492b-bfbf-51bd63f5d5a9,47,1,0,0
313,1db40d13-ecbe-44cd-b5d0-fbd6aa28a2ce,38,1,1,1
314,1db40d13-ecbe-44cd-b5d0-fbd6aa28a2ce,46,1,1,1
315,1db40d13-ecbe-44cd-b5d0-fbd6aa28a2ce,49,1,1,1
316,1db40d13-ecbe-44cd-b5d0-fbd6aa28a2ce,50,1,1,1
317,1db40d13-ecbe-44cd-b5d0-fbd6aa28a2ce,52,1,1,1
318,1db40d13-ecbe-44cd-b5d0-fbd6aa28a2ce,29,1,1,0
319,1db40d13-ecbe-44cd-b5d0-fbd6aa28a2ce,33,1,0,0
320,1db40d13-ecbe-44cd-b5d0-fbd6aa28a2ce,34,1,1,1
321,1db40d13-ecbe-44cd-b5d0-fbd6aa28a2ce,56,1,1,1
322,1db40d13-ecbe-44cd-b5d0-fbd6aa28a2ce,31,1,1,1
323,1db40d13-ecbe-44cd-b5d0-fbd6aa28a2ce,32,1,1,1
324,1db40d13-ecbe-44cd-b5d0-fbd6aa28a2ce,35,1,1,1
325,1db40d13-ecbe-44cd-b5d0-fbd6aa28a2ce,36,1,1,1
326,1db40d13-ecbe-44cd-b5d0-fbd6aa28a2ce,51,1,1,1
327,1db40d13-ecbe-44cd-b5d0-fbd6aa28a2ce,55,1,1,1
328,1db40d13-ecbe-44cd-b5d0-fbd6aa28a2ce,54,0,0,0
329,1db40d13-ecbe-44cd-b5d0-fbd6aa28a2ce,28,1,0,0
330,1db40d13-ecbe-44cd-b5d0-fbd6aa28a2ce,37,1,1,1
331,1db40d13-ecbe-44cd-b5d0-fbd6aa28a2ce,41,1,1,1
332,1db40d13-ecbe-44cd-b5d0-fbd6aa28a2ce,42,1,1,1
333,1db40d13-ecbe-44cd-b5d0-fbd6aa28a2ce,43,1,1,1
334,1db40d13-ecbe-44cd-b5d0-fbd6aa28a2ce,44,1,1,1
335,1db40d13-ecbe-44cd-b5d0-fbd6aa28a2ce,45,1,1,1
336,1db40d13-ecbe-44cd-b5d0-fbd6aa28a2ce,47,1,1,1
338,196f050d-6ad4-41bd-97a8-bffb8b7d5877,16,0,0,0
339,196f050d-6ad4-41bd-97a8-bffb8b7d5877,26,0,0,0
340,196f050d-6ad4-41bd-97a8-bffb8b7d5877,19,0,0,0
341,196f050d-6ad4-41bd-97a8-bffb8b7d5877,38,0,0,0
342,196f050d-6ad4-41bd-97a8-bffb8b7d5877,46,0,0,0
343,196f050d-6ad4-41bd-97a8-bffb8b7d5877,49,1,1,0
344,196f050d-6ad4-41bd-97a8-bffb8b7d5877,50,1,1,1
345,196f050d-6ad4-41bd-97a8-bffb8b7d5877,52,0,0,0
346,196f050d-6ad4-41bd-97a8-bffb8b7d5877,4,0,0,0
347,196f050d-6ad4-41bd-97a8-bffb8b7d5877,6,0,0,0
348,196f050d-6ad4-41bd-97a8-bffb8b7d5877,7,0,0,0
349,196f050d-6ad4-41bd-97a8-bffb8b7d5877,8,0,0,0
350,196f050d-6ad4-41bd-97a8-bffb8b7d5877,12,0,0,0
351,196f050d-6ad4-41bd-97a8-bffb8b7d5877,9,0,0,0
352,196f050d-6ad4-41bd-97a8-bffb8b7d5877,29,0,0,0
353,196f050d-6ad4-41bd-97a8-bffb8b7d5877,33,0,0,0
354,196f050d-6ad4-41bd-97a8-bffb8b7d5877,23,0,0,0
355,196f050d-6ad4-41bd-97a8-bffb8b7d5877,34,0,0,0
356,196f050d-6ad4-41bd-97a8-bffb8b7d5877,56,0,0,0
357,196f050d-6ad4-41bd-97a8-bffb8b7d5877,20,0,0,0
358,196f050d-6ad4-41bd-97a8-bffb8b7d5877,21,0,0,0
359,196f050d-6ad4-41bd-97a8-bffb8b7d5877,22,0,0,0
360,196f050d-6ad4-41bd-97a8-bffb8b7d5877,24,0,0,0
361,196f050d-6ad4-41bd-97a8-bffb8b7d5877,31,0,0,0
362,196f050d-6ad4-41bd-97a8-bffb8b7d5877,32,0,0,0
363,196f050d-6ad4-41bd-97a8-bffb8b7d5877,35,0,0,0
364,196f050d-6ad4-41bd-97a8-bffb8b7d5877,36,0,0,0
365,196f050d-6ad4-41bd-97a8-bffb8b7d5877,51,0,0,0
366,196f050d-6ad4-41bd-97a8-bffb8b7d5877,55,0,0,0
367,196f050d-6ad4-41bd-97a8-bffb8b7d5877,54,0,0,0
368,196f050d-6ad4-41bd-97a8-bffb8b7d5877,1,0,0,0
369,196f050d-6ad4-41bd-97a8-bffb8b7d5877,2,0,0,0
370,196f050d-6ad4-41bd-97a8-bffb8b7d5877,3,0,0,0
371,196f050d-6ad4-41bd-97a8-bffb8b7d5877,28,0,0,0
372,196f050d-6ad4-41bd-97a8-bffb8b7d5877,37,0,0,0
373,196f050d-6ad4-41bd-97a8-bffb8b7d5877,41,0,0,0
374,196f050d-6ad4-41bd-97a8-bffb8b7d5877,42,0,0,0
375,196f050d-6ad4-41bd-97a8-bffb8b7d5877,43,0,0,0
376,196f050d-6ad4-41bd-97a8-bffb8b7d5877,44,0,0,0
377,196f050d-6ad4-41bd-97a8-bffb8b7d5877,45,0,0,0
378,196f050d-6ad4-41bd-97a8-bffb8b7d5877,10,0,0,0
379,196f050d-6ad4-41bd-97a8-bffb8b7d5877,13,0,0,0
380,196f050d-6ad4-41bd-97a8-bffb8b7d5877,14,0,0,0
381,196f050d-6ad4-41bd-97a8-bffb8b7d5877,15,0,0,0
382,196f050d-6ad4-41bd-97a8-bffb8b7d5877,17,0,0,0
383,196f050d-6ad4-41bd-97a8-bffb8b7d5877,18,0,0,0
384,196f050d-6ad4-41bd-97a8-bffb8b7d5877,47,0,0,0
385,3c114c03-6052-4781-8133,57,1,1,1
386,196f050d-6ad4-41bd-97a8-bffb8b7d5877,57,1,1,1
387,3c114c03-6052-4781-8133,58,1,1,1
388,8dc392e5-dd48-4f2a-927a-4aba639bbb2c,57,1,1,1
389,8dc392e5-dd48-4f2a-927a-4aba639bbb2c,58,0,0,0
390,3c114c03-6052-4781-8133,59,1,1,1
391,3c114c03-6052-4781-8133,63,1,1,1
392,3c114c03-6052-4781-8133,60,1,1,1
393,3c114c03-6052-4781-8133,61,1,1,1
394,3c114c03-6052-4781-8133,62,1,1,1
395,93c294c5-f5d2-489c-816a-731997c99021,59,0,0,0
396,93c294c5-f5d2-489c-816a-731997c99021,63,0,0,0
397,93c294c5-f5d2-489c-816a-731997c99021,57,1,1,1
398,93c294c5-f5d2-489c-816a-731997c99021,58,0,0,0
399,93c294c5-f5d2-489c-816a-731997c99021,60,0,0,0
400,93c294c5-f5d2-489c-816a-731997c99021,61,0,0,0
401,93c294c5-f5d2-489c-816a-731997c99021,62,1,1,1
402,8dc392e5-dd48-4f2a-927a-4aba639bbb2c,59,0,0,0
403,8dc392e5-dd48-4f2a-927a-4aba639bbb2c,63,0,0,0
404,8dc392e5-dd48-4f2a-927a-4aba639bbb2c,60,0,0,0
405,8dc392e5-dd48-4f2a-927a-4aba639bbb2c,61,0,0,0
406,8dc392e5-dd48-4f2a-927a-4aba639bbb2c,62,1,1,1
407,ebfba4e7-0d88-4577-a752-f385ae9d763a,59,0,0,0
408,ebfba4e7-0d88-4577-a752-f385ae9d763a,63,0,0,0
409,ebfba4e7-0d88-4577-a752-f385ae9d763a,57,1,1,1
410,ebfba4e7-0d88-4577-a752-f385ae9d763a,58,0,0,0
411,ebfba4e7-0d88-4577-a752-f385ae9d763a,60,0,0,0
412,ebfba4e7-0d88-4577-a752-f385ae9d763a,61,0,0,0
413,ebfba4e7-0d88-4577-a752-f385ae9d763a,62,1,1,1
414,3c114c03-6052-4781-8133,64,1,1,1
415,8dc392e5-dd48-4f2a-927a-4aba639bbb2c,64,0,0,0
416,93c294c5-f5d2-489c-816a-731997c99021,64,0,0,0
417,1db40d13-ecbe-44cd-b5d0-fbd6aa28a2ce,59,0,0,0
418,1db40d13-ecbe-44cd-b5d0-fbd6aa28a2ce,63,1,1,1
419,1db40d13-ecbe-44cd-b5d0-fbd6aa28a2ce,64,0,0,0
420,1db40d13-ecbe-44cd-b5d0-fbd6aa28a2ce,57,1,1,1
421,1db40d13-ecbe-44cd-b5d0-fbd6aa28a2ce,58,1,1,1
422,1db40d13-ecbe-44cd-b5d0-fbd6aa28a2ce,60,1,1,1
423,1db40d13-ecbe-44cd-b5d0-fbd6aa28a2ce,61,1,1,1
424,1db40d13-ecbe-44cd-b5d0-fbd6aa28a2ce,62,1,1,1
425,3c114c03-6052-4781-8133,65,1,1,1
426,1501892a-8ced-4d46-b3de-09a6e8f5b1f3,16,1,1,1
427,1501892a-8ced-4d46-b3de-09a6e8f5b1f3,26,1,1,1
428,1501892a-8ced-4d46-b3de-09a6e8f5b1f3,19,1,1,1
429,1501892a-8ced-4d46-b3de-09a6e8f5b1f3,59,0,0,0
430,1501892a-8ced-4d46-b3de-09a6e8f5b1f3,38,1,1,1
431,1501892a-8ced-4d46-b3de-09a6e8f5b1f3,46,1,1,1
432,1501892a-8ced-4d46-b3de-09a6e8f5b1f3,49,1,0,0
433,1501892a-8ced-4d46-b3de-09a6e8f5b1f3,50,1,1,1
434,1501892a-8ced-4d46-b3de-09a6e8f5b1f3,52,0,0,0
435,1501892a-8ced-4d46-b3de-09a6e8f5b1f3,63,0,0,0
436,1501892a-8ced-4d46-b3de-09a6e8f5b1f3,4,1,0,0
437,1501892a-8ced-4d46-b3de-09a6e8f5b1f3,6,1,0,0
438,1501892a-8ced-4d46-b3de-09a6e8f5b1f3,7,1,0,0
439,1501892a-8ced-4d46-b3de-09a6e8f5b1f3,8,1,0,0
440,1501892a-8ced-4d46-b3de-09a6e8f5b1f3,12,1,0,0
441,1501892a-8ced-4d46-b3de-09a6e8f5b1f3,9,1,0,0
442,1501892a-8ced-4d46-b3de-09a6e8f5b1f3,29,1,0,0
443,1501892a-8ced-4d46-b3de-09a6e8f5b1f3,33,0,0,0
444,1501892a-8ced-4d46-b3de-09a6e8f5b1f3,23,1,1,1
445,1501892a-8ced-4d46-b3de-09a6e8f5b1f3,34,1,1,1
446,1501892a-8ced-4d46-b3de-09a6e8f5b1f3,56,1,1,1
447,1501892a-8ced-4d46-b3de-09a6e8f5b1f3,64,0,0,0
448,1501892a-8ced-4d46-b3de-09a6e8f5b1f3,20,1,1,1
449,1501892a-8ced-4d46-b3de-09a6e8f5b1f3,21,1,1,1
450,1501892a-8ced-4d46-b3de-09a6e8f5b1f3,22,1,1,1
451,1501892a-8ced-4d46-b3de-09a6e8f5b1f3,24,1,1,1
452,1501892a-8ced-4d46-b3de-09a6e8f5b1f3,31,0,0,0
453,1501892a-8ced-4d46-b3de-09a6e8f5b1f3,32,0,0,0
454,1501892a-8ced-4d46-b3de-09a6e8f5b1f3,35,0,0,0
455,1501892a-8ced-4d46-b3de-09a6e8f5b1f3,36,0,0,0
456,1501892a-8ced-4d46-b3de-09a6e8f5b1f3,51,1,1,1
457,1501892a-8ced-4d46-b3de-09a6e8f5b1f3,57,1,1,1
458,1501892a-8ced-4d46-b3de-09a6e8f5b1f3,58,0,0,0
459,1501892a-8ced-4d46-b3de-09a6e8f5b1f3,60,0,0,0
460,1501892a-8ced-4d46-b3de-09a6e8f5b1f3,61,0,0,0
461,1501892a-8ced-4d46-b3de-09a6e8f5b1f3,62,1,1,1
462,1501892a-8ced-4d46-b3de-09a6e8f5b1f3,65,1,1,1
463,1501892a-8ced-4d46-b3de-09a6e8f5b1f3,55,1,1,1
464,1501892a-8ced-4d46-b3de-09a6e8f5b1f3,54,0,0,0
465,1501892a-8ced-4d46-b3de-09a6e8f5b1f3,1,0,0,0
466,1501892a-8ced-4d46-b3de-09a6e8f5b1f3,2,0,0,0
467,1501892a-8ced-4d46-b3de-09a6e8f5b1f3,3,0,0,0
468,1501892a-8ced-4d46-b3de-09a6e8f5b1f3,28,0,0,0
469,1501892a-8ced-4d46-b3de-09a6e8f5b1f3,37,0,0,0
470,1501892a-8ced-4d46-b3de-09a6e8f5b1f3,41,1,1,1
471,1501892a-8ced-4d46-b3de-09a6e8f5b1f3,42,1,1,1
472,1501892a-8ced-4d46-b3de-09a6e8f5b1f3,43,0,0,0
473,1501892a-8ced-4d46-b3de-09a6e8f5b1f3,44,0,0,0
474,1501892a-8ced-4d46-b3de-09a6e8f5b1f3,45,0,0,0
475,1501892a-8ced-4d46-b3de-09a6e8f5b1f3,10,1,1,1
476,1501892a-8ced-4d46-b3de-09a6e8f5b1f3,13,1,1,1
477,1501892a-8ced-4d46-b3de-09a6e8f5b1f3,14,1,1,1
478,1501892a-8ced-4d46-b3de-09a6e8f5b1f3,15,1,1,1
479,1501892a-8ced-4d46-b3de-09a6e8f5b1f3,17,1,1,1
480,1501892a-8ced-4d46-b3de-09a6e8f5b1f3,18,1,1,1
481,1501892a-8ced-4d46-b3de-09a6e8f5b1f3,47,1,1,1
482,1db40d13-ecbe-44cd-b5d0-fbd6aa28a2ce,65,1,1,1
483,3c114c03-6052-4781-8133,66,1,1,1
484,1db40d13-ecbe-44cd-b5d0-fbd6aa28a2ce,66,1,1,1
485,93c294c5-f5d2-489c-816a-731997c99021,66,1,1,1
486,93c294c5-f5d2-489c-816a-731997c99021,65,1,1,1
487,e1bcb7db-ff34-4aea-ab4f-bdf20bf5eba8,16,1,1,1
488,e1bcb7db-ff34-4aea-ab4f-bdf20bf5eba8,26,1,1,1
489,e1bcb7db-ff34-4aea-ab4f-bdf20bf5eba8,19,1,1,1
490,e1bcb7db-ff34-4aea-ab4f-bdf20bf5eba8,59,0,0,0
491,e1bcb7db-ff34-4aea-ab4f-bdf20bf5eba8,38,1,1,1
492,e1bcb7db-ff34-4aea-ab4f-bdf20bf5eba8,46,1,1,1
493,e1bcb7db-ff34-4aea-ab4f-bdf20bf5eba8,49,1,1,1
494,e1bcb7db-ff34-4aea-ab4f-bdf20bf5eba8,50,1,1,1
495,e1bcb7db-ff34-4aea-ab4f-bdf20bf5eba8,52,0,0,0
496,e1bcb7db-ff34-4aea-ab4f-bdf20bf5eba8,63,0,0,0
497,e1bcb7db-ff34-4aea-ab4f-bdf20bf5eba8,4,1,0,0
498,e1bcb7db-ff34-4aea-ab4f-bdf20bf5eba8,6,1,0,0
499,e1bcb7db-ff34-4aea-ab4f-bdf20bf5eba8,7,1,0,0
500,e1bcb7db-ff34-4aea-ab4f-bdf20bf5eba8,8,1,0,0
501,e1bcb7db-ff34-4aea-ab4f-bdf20bf5eba8,12,1,1,1
502,e1bcb7db-ff34-4aea-ab4f-bdf20bf5eba8,9,1,1,1
503,e1bcb7db-ff34-4aea-ab4f-bdf20bf5eba8,29,1,0,0
504,e1bcb7db-ff34-4aea-ab4f-bdf20bf5eba8,33,0,0,0
505,e1bcb7db-ff34-4aea-ab4f-bdf20bf5eba8,23,1,1,1
506,e1bcb7db-ff34-4aea-ab4f-bdf20bf5eba8,34,1,1,1
507,e1bcb7db-ff34-4aea-ab4f-bdf20bf5eba8,56,1,1,1
508,e1bcb7db-ff34-4aea-ab4f-bdf20bf5eba8,64,0,0,0
509,e1bcb7db-ff34-4aea-ab4f-bdf20bf5eba8,20,1,1,1
510,e1bcb7db-ff34-4aea-ab4f-bdf20bf5eba8,21,1,1,1
511,e1bcb7db-ff34-4aea-ab4f-bdf20bf5eba8,22,1,1,1
512,e1bcb7db-ff34-4aea-ab4f-bdf20bf5eba8,24,1,1,1
513,e1bcb7db-ff34-4aea-ab4f-bdf20bf5eba8,31,0,0,0
514,e1bcb7db-ff34-4aea-ab4f-bdf20bf5eba8,66,0,0,0
515,e1bcb7db-ff34-4aea-ab4f-bdf20bf5eba8,32,0,0,0
516,e1bcb7db-ff34-4aea-ab4f-bdf20bf5eba8,35,0,0,0
517,e1bcb7db-ff34-4aea-ab4f-bdf20bf5eba8,36,0,0,0
518,e1bcb7db-ff34-4aea-ab4f-bdf20bf5eba8,51,1,1,1
519,e1bcb7db-ff34-4aea-ab4f-bdf20bf5eba8,57,1,1,1
520,e1bcb7db-ff34-4aea-ab4f-bdf20bf5eba8,58,1,1,1
521,e1bcb7db-ff34-4aea-ab4f-bdf20bf5eba8,60,0,0,0
522,e1bcb7db-ff34-4aea-ab4f-bdf20bf5eba8,61,0,0,0
523,e1bcb7db-ff34-4aea-ab4f-bdf20bf5eba8,62,1,1,1
524,e1bcb7db-ff34-4aea-ab4f-bdf20bf5eba8,65,1,1,1
525,e1bcb7db-ff34-4aea-ab4f-bdf20bf5eba8,55,1,1,1
526,e1bcb7db-ff34-4aea-ab4f-bdf20bf5eba8,54,1,1,1
527,e1bcb7db-ff34-4aea-ab4f-bdf20bf5eba8,1,0,0,0
528,e1bcb7db-ff34-4aea-ab4f-bdf20bf5eba8,2,0,0,0
529,e1bcb7db-ff34-4aea-ab4f-bdf20bf5eba8,3,1,0,0
530,e1bcb7db-ff34-4aea-ab4f-bdf20bf5eba8,28,1,0,0
531,e1bcb7db-ff34-4aea-ab4f-bdf20bf5eba8,37,1,1,1
532,e1bcb7db-ff34-4aea-ab4f-bdf20bf5eba8,41,1,1,1
533,e1bcb7db-ff34-4aea-ab4f-bdf20bf5eba8,42,1,1,1
534,e1bcb7db-ff34-4aea-ab4f-bdf20bf5eba8,43,1,1,1
535,e1bcb7db-ff34-4aea-ab4f-bdf20bf5eba8,44,1,1,1
536,e1bcb7db-ff34-4aea-ab4f-bdf20bf5eba8,45,1,1,1
537,e1bcb7db-ff34-4aea-ab4f-bdf20bf5eba8,10,1,1,1
538,e1bcb7db-ff34-4aea-ab4f-bdf20bf5eba8,13,1,1,1
539,e1bcb7db-ff34-4aea-ab4f-bdf20bf5eba8,14,1,1,1
540,e1bcb7db-ff34-4aea-ab4f-bdf20bf5eba8,15,1,1,1
541,e1bcb7db-ff34-4aea-ab4f-bdf20bf5eba8,17,1,1,1
542,e1bcb7db-ff34-4aea-ab4f-bdf20bf5eba8,18,1,1,1
543,e1bcb7db-ff34-4aea-ab4f-bdf20bf5eba8,47,1,1,1
545,a2c2cb0e-280d-40b3-bd39-39c55d751968,16,1,1,1
546,a2c2cb0e-280d-40b3-bd39-39c55d751968,26,1,1,1
547,a2c2cb0e-280d-40b3-bd39-39c55d751968,19,1,1,1
548,a2c2cb0e-280d-40b3-bd39-39c55d751968,59,0,0,0
549,a2c2cb0e-280d-40b3-bd39-39c55d751968,38,0,0,0
550,a2c2cb0e-280d-40b3-bd39-39c55d751968,46,0,0,0
551,a2c2cb0e-280d-40b3-bd39-39c55d751968,49,1,1,1
552,a2c2cb0e-280d-40b3-bd39-39c55d751968,50,1,0,0
553,a2c2cb0e-280d-40b3-bd39-39c55d751968,52,0,0,0
554,a2c2cb0e-280d-40b3-bd39-39c55d751968,63,0,0,0
555,a2c2cb0e-280d-40b3-bd39-39c55d751968,4,0,0,0
556,a2c2cb0e-280d-40b3-bd39-39c55d751968,6,0,0,0
557,a2c2cb0e-280d-40b3-bd39-39c55d751968,7,0,0,0
558,a2c2cb0e-280d-40b3-bd39-39c55d751968,8,0,0,0
559,a2c2cb0e-280d-40b3-bd39-39c55d751968,12,0,0,0
560,a2c2cb0e-280d-40b3-bd39-39c55d751968,9,0,0,0
561,a2c2cb0e-280d-40b3-bd39-39c55d751968,29,0,0,0
562,a2c2cb0e-280d-40b3-bd39-39c55d751968,33,0,0,0
563,a2c2cb0e-280d-40b3-bd39-39c55d751968,23,0,0,0
564,a2c2cb0e-280d-40b3-bd39-39c55d751968,34,1,0,0
565,a2c2cb0e-280d-40b3-bd39-39c55d751968,56,0,0,0
566,a2c2cb0e-280d-40b3-bd39-39c55d751968,64,0,0,0
567,a2c2cb0e-280d-40b3-bd39-39c55d751968,20,0,0,0
568,a2c2cb0e-280d-40b3-bd39-39c55d751968,21,0,0,0
569,a2c2cb0e-280d-40b3-bd39-39c55d751968,22,1,1,1
570,a2c2cb0e-280d-40b3-bd39-39c55d751968,24,1,1,1
571,a2c2cb0e-280d-40b3-bd39-39c55d751968,31,0,0,0
572,a2c2cb0e-280d-40b3-bd39-39c55d751968,66,0,0,0
573,a2c2cb0e-280d-40b3-bd39-39c55d751968,32,0,0,0
574,a2c2cb0e-280d-40b3-bd39-39c55d751968,35,0,0,0
575,a2c2cb0e-280d-40b3-bd39-39c55d751968,36,0,0,0
576,a2c2cb0e-280d-40b3-bd39-39c55d751968,51,0,0,0
577,a2c2cb0e-280d-40b3-bd39-39c55d751968,57,1,1,1
578,a2c2cb0e-280d-40b3-bd39-39c55d751968,58,0,0,0
579,a2c2cb0e-280d-40b3-bd39-39c55d751968,60,0,0,0
580,a2c2cb0e-280d-40b3-bd39-39c55d751968,61,0,0,0
581,a2c2cb0e-280d-40b3-bd39-39c55d751968,62,0,0,0
582,a2c2cb0e-280d-40b3-bd39-39c55d751968,65,0,0,0
583,a2c2cb0e-280d-40b3-bd39-39c55d751968,55,0,0,0
584,a2c2cb0e-280d-40b3-bd39-39c55d751968,54,0,0,0
585,a2c2cb0e-280d-40b3-bd39-39c55d751968,1,0,0,0
586,a2c2cb0e-280d-40b3-bd39-39c55d751968,2,0,0,0
587,a2c2cb0e-280d-40b3-bd39-39c55d751968,3,0,0,0
588,a2c2cb0e-280d-40b3-bd39-39c55d751968,28,0,0,0
589,a2c2cb0e-280d-40b3-bd39-39c55d751968,37,0,0,0
590,a2c2cb0e-280d-40b3-bd39-39c55d751968,41,0,0,0
591,a2c2cb0e-280d-40b3-bd39-39c55d751968,42,0,0,0
592,a2c2cb0e-280d-40b3-bd39-39c55d751968,43,0,0,0
593,a2c2cb0e-280d-40b3-bd39-39c55d751968,44,1,1,1
594,a2c2cb0e-280d-40b3-bd39-39c55d751968,45,1,1,1
595,a2c2cb0e-280d-40b3-bd39-39c55d751968,10,0,0,0
596,a2c2cb0e-280d-40b3-bd39-39c55d751968,13,0,0,0
597,a2c2cb0e-280d-40b3-bd39-39c55d751968,14,0,0,0
598,a2c2cb0e-280d-40b3-bd39-39c55d751968,15,0,0,0
599,a2c2cb0e-280d-40b3-bd39-39c55d751968,17,0,0,0
600,a2c2cb0e-280d-40b3-bd39-39c55d751968,18,0,0,0
601,a2c2cb0e-280d-40b3-bd39-39c55d751968,47,0,0,0
602,7fbfdb81-e994-4461-88f0-7ce099b84a2f,16,0,0,0
603,7fbfdb81-e994-4461-88f0-7ce099b84a2f,26,0,0,0
604,7fbfdb81-e994-4461-88f0-7ce099b84a2f,19,0,0,0
605,7fbfdb81-e994-4461-88f0-7ce099b84a2f,59,0,0,0
606,7fbfdb81-e994-4461-88f0-7ce099b84a2f,38,0,0,0
607,7fbfdb81-e994-4461-88f0-7ce099b84a2f,46,0,0,0
608,7fbfdb81-e994-4461-88f0-7ce099b84a2f,49,0,0,0
609,7fbfdb81-e994-4461-88f0-7ce099b84a2f,50,0,0,0
610,7fbfdb81-e994-4461-88f0-7ce099b84a2f,52,0,0,0
611,7fbfdb81-e994-4461-88f0-7ce099b84a2f,63,0,0,0
612,7fbfdb81-e994-4461-88f0-7ce099b84a2f,4,0,0,0
613,7fbfdb81-e994-4461-88f0-7ce099b84a2f,6,0,0,0
614,7fbfdb81-e994-4461-88f0-7ce099b84a2f,7,0,0,0
615,7fbfdb81-e994-4461-88f0-7ce099b84a2f,8,0,0,0
616,7fbfdb81-e994-4461-88f0-7ce099b84a2f,12,0,0,0
617,7fbfdb81-e994-4461-88f0-7ce099b84a2f,9,0,0,0
618,7fbfdb81-e994-4461-88f0-7ce099b84a2f,29,0,0,0
619,7fbfdb81-e994-4461-88f0-7ce099b84a2f,33,0,0,0
620,7fbfdb81-e994-4461-88f0-7ce099b84a2f,23,0,0,0
621,7fbfdb81-e994-4461-88f0-7ce099b84a2f,34,0,0,0
622,7fbfdb81-e994-4461-88f0-7ce099b84a2f,56,0,0,0
623,7fbfdb81-e994-4461-88f0-7ce099b84a2f,64,0,0,0
624,7fbfdb81-e994-4461-88f0-7ce099b84a2f,20,0,0,0
625,7fbfdb81-e994-4461-88f0-7ce099b84a2f,21,0,0,0
626,7fbfdb81-e994-4461-88f0-7ce099b84a2f,22,0,0,0
627,7fbfdb81-e994-4461-88f0-7ce099b84a2f,24,0,0,0
628,7fbfdb81-e994-4461-88f0-7ce099b84a2f,31,0,0,0
629,7fbfdb81-e994-4461-88f0-7ce099b84a2f,66,0,0,0
630,7fbfdb81-e994-4461-88f0-7ce099b84a2f,32,0,0,0
631,7fbfdb81-e994-4461-88f0-7ce099b84a2f,35,0,0,0
632,7fbfdb81-e994-4461-88f0-7ce099b84a2f,36,0,0,0
633,7fbfdb81-e994-4461-88f0-7ce099b84a2f,51,0,0,0
634,7fbfdb81-e994-4461-88f0-7ce099b84a2f,57,0,0,0
635,7fbfdb81-e994-4461-88f0-7ce099b84a2f,58,0,0,0
636,7fbfdb81-e994-4461-88f0-7ce099b84a2f,60,0,0,0
637,7fbfdb81-e994-4461-88f0-7ce099b84a2f,61,0,0,0
638,7fbfdb81-e994-4461-88f0-7ce099b84a2f,62,0,0,0
639,7fbfdb81-e994-4461-88f0-7ce099b84a2f,65,1,1,1
640,7fbfdb81-e994-4461-88f0-7ce099b84a2f,55,1,1,1
641,7fbfdb81-e994-4461-88f0-7ce099b84a2f,54,0,0,0
642,7fbfdb81-e994-4461-88f0-7ce099b84a2f,1,0,0,0
643,7fbfdb81-e994-4461-88f0-7ce099b84a2f,2,0,0,0
644,7fbfdb81-e994-4461-88f0-7ce099b84a2f,3,0,0,0
645,7fbfdb81-e994-4461-88f0-7ce099b84a2f,28,0,0,0
646,7fbfdb81-e994-4461-88f0-7ce099b84a2f,37,0,0,0
647,7fbfdb81-e994-4461-88f0-7ce099b84a2f,41,0,0,0
648,7fbfdb81-e994-4461-88f0-7ce099b84a2f,42,0,0,0
649,7fbfdb81-e994-4461-88f0-7ce099b84a2f,43,0,0,0
650,7fbfdb81-e994-4461-88f0-7ce099b84a2f,44,0,0,0
651,7fbfdb81-e994-4461-88f0-7ce099b84a2f,45,0,0,0
652,7fbfdb81-e994-4461-88f0-7ce099b84a2f,10,0,0,0
653,7fbfdb81-e994-4461-88f0-7ce099b84a2f,13,0,0,0
654,7fbfdb81-e994-4461-88f0-7ce099b84a2f,14,0,0,0
655,7fbfdb81-e994-4461-88f0-7ce099b84a2f,15,0,0,0
656,7fbfdb81-e994-4461-88f0-7ce099b84a2f,17,0,0,0
657,7fbfdb81-e994-4461-88f0-7ce099b84a2f,18,0,0,0
658,7fbfdb81-e994-4461-88f0-7ce099b84a2f,47,0,0,0
659,22b7074b-a991-492b-bfbf-51bd63f5d5a9,59,0,0,0
660,22b7074b-a991-492b-bfbf-51bd63f5d5a9,63,0,0,0
661,22b7074b-a991-492b-bfbf-51bd63f5d5a9,64,0,0,0
662,22b7074b-a991-492b-bfbf-51bd63f5d5a9,66,1,1,1
663,22b7074b-a991-492b-bfbf-51bd63f5d5a9,57,1,1,1
664,22b7074b-a991-492b-bfbf-51bd63f5d5a9,58,1,1,1
665,22b7074b-a991-492b-bfbf-51bd63f5d5a9,60,1,1,1
666,22b7074b-a991-492b-bfbf-51bd63f5d5a9,61,1,1,1
667,22b7074b-a991-492b-bfbf-51bd63f5d5a9,62,1,1,1
668,22b7074b-a991-492b-bfbf-51bd63f5d5a9,65,1,1,1
671,b71f3c71-4282-4153-8503-e3591db92df6,16,0,0,0
672,b71f3c71-4282-4153-8503-e3591db92df6,26,0,0,0
673,b71f3c71-4282-4153-8503-e3591db92df6,19,0,0,0
674,b71f3c71-4282-4153-8503-e3591db92df6,59,0,0,0
675,b71f3c71-4282-4153-8503-e3591db92df6,38,0,0,0
676,b71f3c71-4282-4153-8503-e3591db92df6,46,0,0,0
677,b71f3c71-4282-4153-8503-e3591db92df6,49,1,1,1
678,b71f3c71-4282-4153-8503-e3591db92df6,50,1,1,1
679,b71f3c71-4282-4153-8503-e3591db92df6,52,0,0,0
680,b71f3c71-4282-4153-8503-e3591db92df6,63,0,0,0
681,b71f3c71-4282-4153-8503-e3591db92df6,4,0,0,0
682,b71f3c71-4282-4153-8503-e3591db92df6,6,0,0,0
683,b71f3c71-4282-4153-8503-e3591db92df6,7,0,0,0
684,b71f3c71-4282-4153-8503-e3591db92df6,8,0,0,0
685,b71f3c71-4282-4153-8503-e3591db92df6,12,0,0,0
686,b71f3c71-4282-4153-8503-e3591db92df6,9,0,0,0
687,b71f3c71-4282-4153-8503-e3591db92df6,29,0,0,0
688,b71f3c71-4282-4153-8503-e3591db92df6,33,0,0,0
689,b71f3c71-4282-4153-8503-e3591db92df6,23,0,0,0
690,b71f3c71-4282-4153-8503-e3591db92df6,34,0,0,0
691,b71f3c71-4282-4153-8503-e3591db92df6,56,0,0,0
692,b71f3c71-4282-4153-8503-e3591db92df6,64,0,0,0
693,b71f3c71-4282-4153-8503-e3591db92df6,20,0,0,0
694,b71f3c71-4282-4153-8503-e3591db92df6,21,0,0,0
695,b71f3c71-4282-4153-8503-e3591db92df6,22,0,0,0
696,b71f3c71-4282-4153-8503-e3591db92df6,24,1,0,0
697,b71f3c71-4282-4153-8503-e3591db92df6,31,0,0,0
698,b71f3c71-4282-4153-8503-e3591db92df6,66,0,0,0
699,b71f3c71-4282-4153-8503-e3591db92df6,32,0,0,0
700,b71f3c71-4282-4153-8503-e3591db92df6,35,0,0,0
701,b71f3c71-4282-4153-8503-e3591db92df6,36,0,0,0
702,b71f3c71-4282-4153-8503-e3591db92df6,51,0,0,0
703,b71f3c71-4282-4153-8503-e3591db92df6,57,1,0,0
704,b71f3c71-4282-4153-8503-e3591db92df6,58,0,0,0
705,b71f3c71-4282-4153-8503-e3591db92df6,60,0,0,0
706,b71f3c71-4282-4153-8503-e3591db92df6,61,0,0,0
707,b71f3c71-4282-4153-8503-e3591db92df6,62,0,0,0
708,b71f3c71-4282-4153-8503-e3591db92df6,65,0,0,0
709,b71f3c71-4282-4153-8503-e3591db92df6,55,0,0,0
710,b71f3c71-4282-4153-8503-e3591db92df6,54,0,0,0
711,b71f3c71-4282-4153-8503-e3591db92df6,1,0,0,0
712,b71f3c71-4282-4153-8503-e3591db92df6,2,0,0,0
713,b71f3c71-4282-4153-8503-e3591db92df6,3,0,0,0
714,b71f3c71-4282-4153-8503-e3591db92df6,28,0,0,0
715,b71f3c71-4282-4153-8503-e3591db92df6,37,1,1,1
716,b71f3c71-4282-4153-8503-e3591db92df6,41,1,1,1
717,b71f3c71-4282-4153-8503-e3591db92df6,42,1,1,1
718,b71f3c71-4282-4153-8503-e3591db92df6,43,1,1,1
719,b71f3c71-4282-4153-8503-e3591db92df6,44,1,1,1
720,b71f3c71-4282-4153-8503-e3591db92df6,45,1,1,1
721,b71f3c71-4282-4153-8503-e3591db92df6,10,0,0,0
722,b71f3c71-4282-4153-8503-e3591db92df6,13,0,0,0
723,b71f3c71-4282-4153-8503-e3591db92df6,14,0,0,0
724,b71f3c71-4282-4153-8503-e3591db92df6,15,0,0,0
725,b71f3c71-4282-4153-8503-e3591db92df6,17,0,0,0
726,b71f3c71-4282-4153-8503-e3591db92df6,18,0,0,0
727,b71f3c71-4282-4153-8503-e3591db92df6,47,0,0,0
728,196f050d-6ad4-41bd-97a8-bffb8b7d5877,59,0,0,0
729,196f050d-6ad4-41bd-97a8-bffb8b7d5877,63,0,0,0
730,196f050d-6ad4-41bd-97a8-bffb8b7d5877,64,0,0,0
731,196f050d-6ad4-41bd-97a8-bffb8b7d5877,66,0,0,0
732,196f050d-6ad4-41bd-97a8-bffb8b7d5877,58,0,0,0
733,196f050d-6ad4-41bd-97a8-bffb8b7d5877,60,0,0,0
734,196f050d-6ad4-41bd-97a8-bffb8b7d5877,61,0,0,0
735,196f050d-6ad4-41bd-97a8-bffb8b7d5877,62,0,0,0
736,196f050d-6ad4-41bd-97a8-bffb8b7d5877,65,0,0,0
737,dec81fd6-d146-4d9b-928f-68489e2706e8,16,1,1,1
738,dec81fd6-d146-4d9b-928f-68489e2706e8,26,1,1,1
739,dec81fd6-d146-4d9b-928f-68489e2706e8,19,1,1,1
740,dec81fd6-d146-4d9b-928f-68489e2706e8,59,0,0,0
741,dec81fd6-d146-4d9b-928f-68489e2706e8,38,1,1,1
742,dec81fd6-d146-4d9b-928f-68489e2706e8,46,1,1,1
743,dec81fd6-d146-4d9b-928f-68489e2706e8,49,1,1,1
744,dec81fd6-d146-4d9b-928f-68489e2706e8,50,1,1,1
745,dec81fd6-d146-4d9b-928f-68489e2706e8,52,1,1,1
746,dec81fd6-d146-4d9b-928f-68489e2706e8,63,1,1,1
747,dec81fd6-d146-4d9b-928f-68489e2706e8,4,1,1,1
748,dec81fd6-d146-4d9b-928f-68489e2706e8,6,1,1,1
749,dec81fd6-d146-4d9b-928f-68489e2706e8,7,1,1,1
750,dec81fd6-d146-4d9b-928f-68489e2706e8,8,1,1,1
751,dec81fd6-d146-4d9b-928f-68489e2706e8,12,1,1,1
752,dec81fd6-d146-4d9b-928f-68489e2706e8,9,1,1,1
753,dec81fd6-d146-4d9b-928f-68489e2706e8,29,1,1,1
754,dec81fd6-d146-4d9b-928f-68489e2706e8,33,1,1,1
755,dec81fd6-d146-4d9b-928f-68489e2706e8,23,1,1,1
756,dec81fd6-d146-4d9b-928f-68489e2706e8,34,1,1,1
757,dec81fd6-d146-4d9b-928f-68489e2706e8,56,1,1,1
758,dec81fd6-d146-4d9b-928f-68489e2706e8,64,0,0,0
759,dec81fd6-d146-4d9b-928f-68489e2706e8,20,1,1,1
760,dec81fd6-d146-4d9b-928f-68489e2706e8,21,1,1,1
761,dec81fd6-d146-4d9b-928f-68489e2706e8,22,1,1,1
762,dec81fd6-d146-4d9b-928f-68489e2706e8,24,1,1,1
763,dec81fd6-d146-4d9b-928f-68489e2706e8,31,1,1,1
764,dec81fd6-d146-4d9b-928f-68489e2706e8,66,1,1,1
765,dec81fd6-d146-4d9b-928f-68489e2706e8,32,1,1,1
766,dec81fd6-d146-4d9b-928f-68489e2706e8,35,1,1,1
767,dec81fd6-d146-4d9b-928f-68489e2706e8,36,1,1,1
768,dec81fd6-d146-4d9b-928f-68489e2706e8,51,1,1,1
769,dec81fd6-d146-4d9b-928f-68489e2706e8,57,1,1,1
770,dec81fd6-d146-4d9b-928f-68489e2706e8,58,1,1,1
771,dec81fd6-d146-4d9b-928f-68489e2706e8,60,1,1,1
772,dec81fd6-d146-4d9b-928f-68489e2706e8,61,1,1,1
773,dec81fd6-d146-4d9b-928f-68489e2706e8,62,1,1,1
774,dec81fd6-d146-4d9b-928f-68489e2706e8,65,1,1,1
775,dec81fd6-d146-4d9b-928f-68489e2706e8,55,1,1,1
776,dec81fd6-d146-4d9b-928f-68489e2706e8,54,1,1,1
777,dec81fd6-d146-4d9b-928f-68489e2706e8,1,0,0,0
778,dec81fd6-d146-4d9b-928f-68489e2706e8,2,0,0,0
779,dec81fd6-d146-4d9b-928f-68489e2706e8,3,0,0,0
780,dec81fd6-d146-4d9b-928f-68489e2706e8,28,0,0,0
781,dec81fd6-d146-4d9b-928f-68489e2706e8,37,1,1,1
782,dec81fd6-d146-4d9b-928f-68489e2706e8,41,1,1,1
783,dec81fd6-d146-4d9b-928f-68489e2706e8,42,1,1,1
784,dec81fd6-d146-4d9b-928f-68489e2706e8,43,1,1,1
785,dec81fd6-d146-4d9b-928f-68489e2706e8,44,1,1,1
786,dec81fd6-d146-4d9b-928f-68489e2706e8,45,1,1,1
787,dec81fd6-d146-4d9b-928f-68489e2706e8,10,1,1,1
788,dec81fd6-d146-4d9b-928f-68489e2706e8,13,1,1,1
789,dec81fd6-d146-4d9b-928f-68489e2706e8,14,1,1,1
790,dec81fd6-d146-4d9b-928f-68489e2706e8,15,1,1,1
791,dec81fd6-d146-4d9b-928f-68489e2706e8,17,1,1,1
792,dec81fd6-d146-4d9b-928f-68489e2706e8,18,1,1,1
793,dec81fd6-d146-4d9b-928f-68489e2706e8,47,1,1,1
794,8dc392e5-dd48-4f2a-927a-4aba639bbb2c,66,0,0,0
795,8dc392e5-dd48-4f2a-927a-4aba639bbb2c,65,0,0,0
796,3c114c03-6052-4781-8133,68,1,1,1
797,3c114c03-6052-4781-8133,70,1,1,1
798,3c114c03-6052-4781-8133,71,1,1,1
799,3c114c03-6052-4781-8133,72,1,1,1
800,3c114c03-6052-4781-8133,73,1,1,1
801,758a8725-be1f-4bf5-bc9c-d7ffb94723f0,46,1,0,0
802,3c114c03-6052-4781-8133,75,1,1,1
803,3c114c03-6052-4781-8133,76,1,1,1
804,3c114c03-6052-4781-8133,77,1,1,1
805,3c114c03-6052-4781-8133,78,1,1,1
806,3c114c03-6052-4781-8133,79,1,1,1
807,3c114c03-6052-4781-8133,80,1,1,1
808,3c114c03-6052-4781-8133,81,1,1,1
809,3c114c03-6052-4781-8133,82,1,1,1
810,3c114c03-6052-4781-8133,83,1,1,1
811,3c114c03-6052-4781-8133,84,1,1,1
812,3c114c03-6052-4781-8133,85,1,1,1
813,3c114c03-6052-4781-8133,87,1,1,1
814,758a8725-be1f-4bf5-bc9c-d7ffb94723f0,23,0,0,0
815,758a8725-be1f-4bf5-bc9c-d7ffb94723f0,34,1,0,0
816,3c114c03-6052-4781-8133,88,1,1,1
817,758a8725-be1f-4bf5-bc9c-d7ffb94723f0,64,1,1,1
818,3c114c03-6052-4781-8133,89,1,1,1
819,3c114c03-6052-4781-8133,90,1,1,1
820,3c114c03-6052-4781-8133,91,1,1,1
821,3c114c03-6052-4781-8133,92,1,1,1
822,758a8725-be1f-4bf5-bc9c-d7ffb94723f0,31,1,1,1
823,758a8725-be1f-4bf5-bc9c-d7ffb94723f0,66,1,1,1
824,758a8725-be1f-4bf5-bc9c-d7ffb94723f0,32,1,1,1
825,758a8725-be1f-4bf5-bc9c-d7ffb94723f0,35,1,1,1
826,758a8725-be1f-4bf5-bc9c-d7ffb94723f0,36,1,1,1
827,758a8725-be1f-4bf5-bc9c-d7ffb94723f0,51,1,1,1
828,758a8725-be1f-4bf5-bc9c-d7ffb94723f0,57,1,1,1
829,758a8725-be1f-4bf5-bc9c-d7ffb94723f0,58,0,0,0
830,758a8725-be1f-4bf5-bc9c-d7ffb94723f0,60,0,0,0
831,758a8725-be1f-4bf5-bc9c-d7ffb94723f0,61,0,0,0
832,758a8725-be1f-4bf5-bc9c-d7ffb94723f0,62,1,1,1
833,758a8725-be1f-4bf5-bc9c-d7ffb94723f0,65,0,0,0
834,758a8725-be1f-4bf5-bc9c-d7ffb94723f0,55,0,0,0
835,758a8725-be1f-4bf5-bc9c-d7ffb94723f0,54,0,0,0
836,758a8725-be1f-4bf5-bc9c-d7ffb94723f0,1,0,0,0
837,758a8725-be1f-4bf5-bc9c-d7ffb94723f0,2,0,0,0
838,758a8725-be1f-4bf5-bc9c-d7ffb94723f0,3,0,0,0
839,758a8725-be1f-4bf5-bc9c-d7ffb94723f0,28,0,0,0
840,758a8725-be1f-4bf5-bc9c-d7ffb94723f0,37,1,1,1
841,758a8725-be1f-4bf5-bc9c-d7ffb94723f0,41,1,1,1
842,758a8725-be1f-4bf5-bc9c-d7ffb94723f0,42,1,1,1
843,758a8725-be1f-4bf5-bc9c-d7ffb94723f0,43,1,1,1
844,758a8725-be1f-4bf5-bc9c-d7ffb94723f0,44,1,1,1
845,758a8725-be1f-4bf5-bc9c-d7ffb94723f0,45,1,1,1
846,758a8725-be1f-4bf5-bc9c-d7ffb94723f0,10,0,0,0
847,758a8725-be1f-4bf5-bc9c-d7ffb94723f0,13,1,0,0
848,758a8725-be1f-4bf5-bc9c-d7ffb94723f0,14,1,0,0
849,758a8725-be1f-4bf5-bc9c-d7ffb94723f0,15,1,0,0
850,758a8725-be1f-4bf5-bc9c-d7ffb94723f0,17,1,0,0
851,758a8725-be1f-4bf5-bc9c-d7ffb94723f0,18,1,0,0
852,758a8725-be1f-4bf5-bc9c-d7ffb94723f0,47,1,0,0
853,3c114c03-6052-4781-8133,93,1,1,1
854,3c114c03-6052-4781-8133,94,1,1,1
855,3c114c03-6052-4781-8133,95,1,1,1
856,3c114c03-6052-4781-8133,96,1,1,1
857,3c114c03-6052-4781-8133,97,1,1,1
858,3c114c03-6052-4781-8133,98,1,1,1
859,3c114c03-6052-4781-8133,99,1,1,1
860,631bc8bb-b36b-486a-9471-6bc0e37c1dbc,16,0,0,0
861,631bc8bb-b36b-486a-9471-6bc0e37c1dbc,26,0,0,0
862,631bc8bb-b36b-486a-9471-6bc0e37c1dbc,19,0,0,0
863,631bc8bb-b36b-486a-9471-6bc0e37c1dbc,59,0,0,0
864,631bc8bb-b36b-486a-9471-6bc0e37c1dbc,38,0,0,0
865,631bc8bb-b36b-486a-9471-6bc0e37c1dbc,46,1,1,1
866,631bc8bb-b36b-486a-9471-6bc0e37c1dbc,50,1,1,1
867,631bc8bb-b36b-486a-9471-6bc0e37c1dbc,87,1,1,1
868,631bc8bb-b36b-486a-9471-6bc0e37c1dbc,93,1,1,1
869,631bc8bb-b36b-486a-9471-6bc0e37c1dbc,95,1,1,1
870,631bc8bb-b36b-486a-9471-6bc0e37c1dbc,96,1,1,1
871,631bc8bb-b36b-486a-9471-6bc0e37c1dbc,97,1,1,1
872,631bc8bb-b36b-486a-9471-6bc0e37c1dbc,49,0,0,0
873,631bc8bb-b36b-486a-9471-6bc0e37c1dbc,52,0,0,0
874,631bc8bb-b36b-486a-9471-6bc0e37c1dbc,63,0,0,0
875,631bc8bb-b36b-486a-9471-6bc0e37c1dbc,84,0,0,0
876,631bc8bb-b36b-486a-9471-6bc0e37c1dbc,98,1,1,1
877,631bc8bb-b36b-486a-9471-6bc0e37c1dbc,4,0,0,0
878,631bc8bb-b36b-486a-9471-6bc0e37c1dbc,6,0,0,0
879,631bc8bb-b36b-486a-9471-6bc0e37c1dbc,7,0,0,0
880,631bc8bb-b36b-486a-9471-6bc0e37c1dbc,8,0,0,0
881,631bc8bb-b36b-486a-9471-6bc0e37c1dbc,12,0,0,0
882,631bc8bb-b36b-486a-9471-6bc0e37c1dbc,9,0,0,0
884,631bc8bb-b36b-486a-9471-6bc0e37c1dbc,29,0,0,0
885,631bc8bb-b36b-486a-9471-6bc0e37c1dbc,33,0,0,0
886,631bc8bb-b36b-486a-9471-6bc0e37c1dbc,68,1,1,1
887,631bc8bb-b36b-486a-9471-6bc0e37c1dbc,71,0,0,0
888,631bc8bb-b36b-486a-9471-6bc0e37c1dbc,73,0,0,0
889,631bc8bb-b36b-486a-9471-6bc0e37c1dbc,75,0,0,0
890,631bc8bb-b36b-486a-9471-6bc0e37c1dbc,80,1,1,1
891,631bc8bb-b36b-486a-9471-6bc0e37c1dbc,81,1,1,1
892,631bc8bb-b36b-486a-9471-6bc0e37c1dbc,82,1,1,1
893,631bc8bb-b36b-486a-9471-6bc0e37c1dbc,94,1,1,1
894,631bc8bb-b36b-486a-9471-6bc0e37c1dbc,23,0,0,0
895,631bc8bb-b36b-486a-9471-6bc0e37c1dbc,34,0,0,0
896,631bc8bb-b36b-486a-9471-6bc0e37c1dbc,56,0,0,0
897,631bc8bb-b36b-486a-9471-6bc0e37c1dbc,79,1,1,1
898,631bc8bb-b36b-486a-9471-6bc0e37c1dbc,83,1,1,1
899,631bc8bb-b36b-486a-9471-6bc0e37c1dbc,72,1,1,1
900,631bc8bb-b36b-486a-9471-6bc0e37c1dbc,70,1,1,1
901,631bc8bb-b36b-486a-9471-6bc0e37c1dbc,77,1,1,1
902,631bc8bb-b36b-486a-9471-6bc0e37c1dbc,64,0,0,0
903,631bc8bb-b36b-486a-9471-6bc0e37c1dbc,20,1,1,1
904,631bc8bb-b36b-486a-9471-6bc0e37c1dbc,21,0,0,0
905,631bc8bb-b36b-486a-9471-6bc0e37c1dbc,22,0,0,0
906,631bc8bb-b36b-486a-9471-6bc0e37c1dbc,24,0,0,0
907,631bc8bb-b36b-486a-9471-6bc0e37c1dbc,31,0,0,0
908,631bc8bb-b36b-486a-9471-6bc0e37c1dbc,66,0,0,0
909,631bc8bb-b36b-486a-9471-6bc0e37c1dbc,32,0,0,0
910,631bc8bb-b36b-486a-9471-6bc0e37c1dbc,35,0,0,0
911,631bc8bb-b36b-486a-9471-6bc0e37c1dbc,36,0,0,0
912,631bc8bb-b36b-486a-9471-6bc0e37c1dbc,51,1,1,1
913,631bc8bb-b36b-486a-9471-6bc0e37c1dbc,57,1,1,1
914,631bc8bb-b36b-486a-9471-6bc0e37c1dbc,58,0,0,0
915,631bc8bb-b36b-486a-9471-6bc0e37c1dbc,60,1,1,1
916,631bc8bb-b36b-486a-9471-6bc0e37c1dbc,61,1,1,1
917,631bc8bb-b36b-486a-9471-6bc0e37c1dbc,62,1,1,1
918,631bc8bb-b36b-486a-9471-6bc0e37c1dbc,65,0,0,0
919,631bc8bb-b36b-486a-9471-6bc0e37c1dbc,78,1,1,1
920,631bc8bb-b36b-486a-9471-6bc0e37c1dbc,85,1,1,1
921,631bc8bb-b36b-486a-9471-6bc0e37c1dbc,88,1,1,1
922,631bc8bb-b36b-486a-9471-6bc0e37c1dbc,89,1,1,1
923,631bc8bb-b36b-486a-9471-6bc0e37c1dbc,90,1,1,1
924,631bc8bb-b36b-486a-9471-6bc0e37c1dbc,91,0,0,0
925,631bc8bb-b36b-486a-9471-6bc0e37c1dbc,92,1,1,1
926,631bc8bb-b36b-486a-9471-6bc0e37c1dbc,99,1,1,1
927,631bc8bb-b36b-486a-9471-6bc0e37c1dbc,55,0,0,0
928,631bc8bb-b36b-486a-9471-6bc0e37c1dbc,54,0,0,0
929,631bc8bb-b36b-486a-9471-6bc0e37c1dbc,1,0,0,0
930,631bc8bb-b36b-486a-9471-6bc0e37c1dbc,2,0,0,0
931,631bc8bb-b36b-486a-9471-6bc0e37c1dbc,3,0,0,0
932,631bc8bb-b36b-486a-9471-6bc0e37c1dbc,28,0,0,0
933,631bc8bb-b36b-486a-9471-6bc0e37c1dbc,76,0,0,0
934,631bc8bb-b36b-486a-9471-6bc0e37c1dbc,37,1,1,1
935,631bc8bb-b36b-486a-9471-6bc0e37c1dbc,41,1,1,1
936,631bc8bb-b36b-486a-9471-6bc0e37c1dbc,42,1,1,1
937,631bc8bb-b36b-486a-9471-6bc0e37c1dbc,43,1,1,1
938,631bc8bb-b36b-486a-9471-6bc0e37c1dbc,44,1,1,1
939,631bc8bb-b36b-486a-9471-6bc0e37c1dbc,45,1,1,1
940,631bc8bb-b36b-486a-9471-6bc0e37c1dbc,10,1,1,1
941,631bc8bb-b36b-486a-9471-6bc0e37c1dbc,13,1,1,1
942,631bc8bb-b36b-486a-9471-6bc0e37c1dbc,14,1,1,1
943,631bc8bb-b36b-486a-9471-6bc0e37c1dbc,15,1,1,1
944,631bc8bb-b36b-486a-9471-6bc0e37c1dbc,17,1,1,1
945,631bc8bb-b36b-486a-9471-6bc0e37c1dbc,18,1,1,1
946,631bc8bb-b36b-486a-9471-6bc0e37c1dbc,47,1,1,1
947,631bc8bb-b36b-486a-9471-6bc0e37c1dbc,100,1,1,1
948,3c114c03-6052-4781-8133,100,1,1,1
949,8dc392e5-dd48-4f2a-927a-4aba639bbb2c,100,1,1,1
950,8dc392e5-dd48-4f2a-927a-4aba639bbb2c,87,1,1,1
951,8dc392e5-dd48-4f2a-927a-4aba639bbb2c,93,1,1,1
952,8dc392e5-dd48-4f2a-927a-4aba639bbb2c,95,1,1,1
953,8dc392e5-dd48-4f2a-927a-4aba639bbb2c,96,1,1,1
954,8dc392e5-dd48-4f2a-927a-4aba639bbb2c,97,1,1,1
955,8dc392e5-dd48-4f2a-927a-4aba639bbb2c,84,0,0,0
956,8dc392e5-dd48-4f2a-927a-4aba639bbb2c,98,0,0,0
957,8dc392e5-dd48-4f2a-927a-4aba639bbb2c,68,1,1,1
958,8dc392e5-dd48-4f2a-927a-4aba639bbb2c,71,1,0,0
959,8dc392e5-dd48-4f2a-927a-4aba639bbb2c,73,1,0,0
960,8dc392e5-dd48-4f2a-927a-4aba639bbb2c,75,0,0,0
961,8dc392e5-dd48-4f2a-927a-4aba639bbb2c,80,0,0,0
962,8dc392e5-dd48-4f2a-927a-4aba639bbb2c,81,0,0,0
963,8dc392e5-dd48-4f2a-927a-4aba639bbb2c,82,0,0,0
964,8dc392e5-dd48-4f2a-927a-4aba639bbb2c,94,0,0,0
965,8dc392e5-dd48-4f2a-927a-4aba639bbb2c,79,0,0,0
966,8dc392e5-dd48-4f2a-927a-4aba639bbb2c,83,1,1,0
967,8dc392e5-dd48-4f2a-927a-4aba639bbb2c,72,0,0,0
968,8dc392e5-dd48-4f2a-927a-4aba639bbb2c,70,1,1,1
969,8dc392e5-dd48-4f2a-927a-4aba639bbb2c,77,1,1,1
970,8dc392e5-dd48-4f2a-927a-4aba639bbb2c,78,0,0,0
971,8dc392e5-dd48-4f2a-927a-4aba639bbb2c,85,1,0,0
972,8dc392e5-dd48-4f2a-927a-4aba639bbb2c,88,1,0,0
973,8dc392e5-dd48-4f2a-927a-4aba639bbb2c,89,1,1,1
974,8dc392e5-dd48-4f2a-927a-4aba639bbb2c,90,1,1,1
975,8dc392e5-dd48-4f2a-927a-4aba639bbb2c,91,1,1,1
976,8dc392e5-dd48-4f2a-927a-4aba639bbb2c,92,1,1,1
977,8dc392e5-dd48-4f2a-927a-4aba639bbb2c,99,1,1,1
978,8dc392e5-dd48-4f2a-927a-4aba639bbb2c,76,0,0,0
979,0f2fa172-c291-470f-8a4b-9053ea264413,16,0,0,0
980,0f2fa172-c291-470f-8a4b-9053ea264413,26,0,0,0
981,0f2fa172-c291-470f-8a4b-9053ea264413,19,0,0,0
982,0f2fa172-c291-470f-8a4b-9053ea264413,59,0,0,0
983,0f2fa172-c291-470f-8a4b-9053ea264413,38,0,0,0
984,0f2fa172-c291-470f-8a4b-9053ea264413,46,1,0,0
985,0f2fa172-c291-470f-8a4b-9053ea264413,50,1,1,1
986,0f2fa172-c291-470f-8a4b-9053ea264413,100,1,1,0
987,0f2fa172-c291-470f-8a4b-9053ea264413,87,1,1,1
988,0f2fa172-c291-470f-8a4b-9053ea264413,93,0,0,0
989,0f2fa172-c291-470f-8a4b-9053ea264413,95,0,0,0
990,0f2fa172-c291-470f-8a4b-9053ea264413,96,0,0,0
991,0f2fa172-c291-470f-8a4b-9053ea264413,97,0,0,0
992,0f2fa172-c291-470f-8a4b-9053ea264413,49,1,1,0
993,0f2fa172-c291-470f-8a4b-9053ea264413,52,0,0,0
994,0f2fa172-c291-470f-8a4b-9053ea264413,63,0,0,0
995,0f2fa172-c291-470f-8a4b-9053ea264413,84,0,0,0
996,0f2fa172-c291-470f-8a4b-9053ea264413,98,1,1,1
997,0f2fa172-c291-470f-8a4b-9053ea264413,4,0,0,0
998,0f2fa172-c291-470f-8a4b-9053ea264413,6,0,0,0
999,0f2fa172-c291-470f-8a4b-9053ea264413,7,0,0,0
1000,0f2fa172-c291-470f-8a4b-9053ea264413,8,0,0,0
1001,0f2fa172-c291-470f-8a4b-9053ea264413,12,0,0,0
1002,0f2fa172-c291-470f-8a4b-9053ea264413,9,0,0,0
1003,0f2fa172-c291-470f-8a4b-9053ea264413,29,0,0,0
1004,0f2fa172-c291-470f-8a4b-9053ea264413,33,0,0,0
1005,0f2fa172-c291-470f-8a4b-9053ea264413,68,0,0,0
1006,0f2fa172-c291-470f-8a4b-9053ea264413,71,0,0,0
1007,0f2fa172-c291-470f-8a4b-9053ea264413,73,0,0,0
1008,0f2fa172-c291-470f-8a4b-9053ea264413,75,0,0,0
1009,0f2fa172-c291-470f-8a4b-9053ea264413,80,1,1,1
1010,0f2fa172-c291-470f-8a4b-9053ea264413,81,1,1,1
1011,0f2fa172-c291-470f-8a4b-9053ea264413,82,1,1,1
1012,0f2fa172-c291-470f-8a4b-9053ea264413,94,1,1,1
1013,0f2fa172-c291-470f-8a4b-9053ea264413,23,0,0,0
1014,0f2fa172-c291-470f-8a4b-9053ea264413,10,0,0,0
1015,0f2fa172-c291-470f-8a4b-9053ea264413,13,0,0,0
1016,0f2fa172-c291-470f-8a4b-9053ea264413,14,0,0,0
1017,0f2fa172-c291-470f-8a4b-9053ea264413,15,0,0,0
1018,0f2fa172-c291-470f-8a4b-9053ea264413,17,0,0,0
1019,0f2fa172-c291-470f-8a4b-9053ea264413,18,0,0,0
1020,0f2fa172-c291-470f-8a4b-9053ea264413,34,0,0,0
1021,0f2fa172-c291-470f-8a4b-9053ea264413,56,0,0,0
1022,0f2fa172-c291-470f-8a4b-9053ea264413,79,1,0,0
1023,0f2fa172-c291-470f-8a4b-9053ea264413,83,1,1,1
1024,0f2fa172-c291-470f-8a4b-9053ea264413,47,0,0,0
1025,0f2fa172-c291-470f-8a4b-9053ea264413,72,1,1,1
1026,0f2fa172-c291-470f-8a4b-9053ea264413,70,1,0,0
1027,0f2fa172-c291-470f-8a4b-9053ea264413,77,1,0,0
1028,0f2fa172-c291-470f-8a4b-9053ea264413,64,0,0,0
1029,0f2fa172-c291-470f-8a4b-9053ea264413,20,1,1,1
1030,0f2fa172-c291-470f-8a4b-9053ea264413,21,0,0,0
1031,0f2fa172-c291-470f-8a4b-9053ea264413,22,1,1,1
1032,0f2fa172-c291-470f-8a4b-9053ea264413,24,0,0,0
1033,0f2fa172-c291-470f-8a4b-9053ea264413,31,0,0,0
1034,0f2fa172-c291-470f-8a4b-9053ea264413,66,0,0,0
1035,0f2fa172-c291-470f-8a4b-9053ea264413,32,0,0,0
1036,0f2fa172-c291-470f-8a4b-9053ea264413,35,0,0,0
1037,0f2fa172-c291-470f-8a4b-9053ea264413,36,0,0,0
1038,0f2fa172-c291-470f-8a4b-9053ea264413,51,1,1,1
1039,0f2fa172-c291-470f-8a4b-9053ea264413,57,1,1,1
1040,0f2fa172-c291-470f-8a4b-9053ea264413,58,0,0,0
1041,0f2fa172-c291-470f-8a4b-9053ea264413,60,0,0,0
1042,0f2fa172-c291-470f-8a4b-9053ea264413,61,0,0,0
1043,0f2fa172-c291-470f-8a4b-9053ea264413,62,0,0,0
1044,0f2fa172-c291-470f-8a4b-9053ea264413,65,0,0,0
1045,0f2fa172-c291-470f-8a4b-9053ea264413,78,1,1,1
1046,0f2fa172-c291-470f-8a4b-9053ea264413,85,1,1,1
1047,0f2fa172-c291-470f-8a4b-9053ea264413,88,1,1,1
1048,0f2fa172-c291-470f-8a4b-9053ea264413,89,1,1,1
1049,0f2fa172-c291-470f-8a4b-9053ea264413,90,1,1,1
1050,0f2fa172-c291-470f-8a4b-9053ea264413,91,1,1,1
1051,0f2fa172-c291-470f-8a4b-9053ea264413,92,1,1,1
1052,0f2fa172-c291-470f-8a4b-9053ea264413,99,1,1,1
1053,0f2fa172-c291-470f-8a4b-9053ea264413,55,0,0,0
1054,0f2fa172-c291-470f-8a4b-9053ea264413,54,0,0,0
1055,0f2fa172-c291-470f-8a4b-9053ea264413,1,0,0,0
1056,0f2fa172-c291-470f-8a4b-9053ea264413,2,0,0,0
1057,0f2fa172-c291-470f-8a4b-9053ea264413,3,0,0,0
1058,0f2fa172-c291-470f-8a4b-9053ea264413,28,0,0,0
1059,0f2fa172-c291-470f-8a4b-9053ea264413,76,0,0,0
1060,0f2fa172-c291-470f-8a4b-9053ea264413,37,1,1,1
1061,0f2fa172-c291-470f-8a4b-9053ea264413,41,1,1,1
1062,0f2fa172-c291-470f-8a4b-9053ea264413,42,0,0,0
1063,0f2fa172-c291-470f-8a4b-9053ea264413,43,1,1,1
1064,0f2fa172-c291-470f-8a4b-9053ea264413,44,1,1,1
1065,0f2fa172-c291-470f-8a4b-9053ea264413,45,1,1,1
1066,c0bfb276-a85f-42e4-a534-267a45cd80e7,16,0,0,0
1067,c0bfb276-a85f-42e4-a534-267a45cd80e7,26,0,0,0
1068,c0bfb276-a85f-42e4-a534-267a45cd80e7,19,1,1,1
1069,c0bfb276-a85f-42e4-a534-267a45cd80e7,59,0,0,0
1070,c0bfb276-a85f-42e4-a534-267a45cd80e7,38,0,0,0
1071,c0bfb276-a85f-42e4-a534-267a45cd80e7,46,1,1,1
1072,c0bfb276-a85f-42e4-a534-267a45cd80e7,50,1,1,1
1073,c0bfb276-a85f-42e4-a534-267a45cd80e7,100,1,1,1
1074,c0bfb276-a85f-42e4-a534-267a45cd80e7,87,1,1,1
1075,c0bfb276-a85f-42e4-a534-267a45cd80e7,93,0,0,0
1076,c0bfb276-a85f-42e4-a534-267a45cd80e7,95,0,0,0
1077,c0bfb276-a85f-42e4-a534-267a45cd80e7,96,1,1,1
1078,c0bfb276-a85f-42e4-a534-267a45cd80e7,97,1,1,1
1079,c0bfb276-a85f-42e4-a534-267a45cd80e7,49,1,1,1
1080,c0bfb276-a85f-42e4-a534-267a45cd80e7,52,0,0,0
1081,c0bfb276-a85f-42e4-a534-267a45cd80e7,63,0,0,0
1082,c0bfb276-a85f-42e4-a534-267a45cd80e7,84,0,0,0
1083,c0bfb276-a85f-42e4-a534-267a45cd80e7,98,1,1,1
1084,c0bfb276-a85f-42e4-a534-267a45cd80e7,4,0,0,0
1085,c0bfb276-a85f-42e4-a534-267a45cd80e7,6,0,0,0
1086,c0bfb276-a85f-42e4-a534-267a45cd80e7,7,0,0,0
1087,c0bfb276-a85f-42e4-a534-267a45cd80e7,8,0,0,0
1088,c0bfb276-a85f-42e4-a534-267a45cd80e7,12,0,0,0
1089,c0bfb276-a85f-42e4-a534-267a45cd80e7,9,0,0,0
1090,c0bfb276-a85f-42e4-a534-267a45cd80e7,29,0,0,0
1091,c0bfb276-a85f-42e4-a534-267a45cd80e7,33,0,0,0
1092,c0bfb276-a85f-42e4-a534-267a45cd80e7,68,0,0,0
1093,c0bfb276-a85f-42e4-a534-267a45cd80e7,71,0,0,0
1094,c0bfb276-a85f-42e4-a534-267a45cd80e7,73,0,0,0
1095,c0bfb276-a85f-42e4-a534-267a45cd80e7,75,0,0,0
1096,c0bfb276-a85f-42e4-a534-267a45cd80e7,80,1,1,1
1097,c0bfb276-a85f-42e4-a534-267a45cd80e7,81,1,1,1
1098,c0bfb276-a85f-42e4-a534-267a45cd80e7,82,1,1,1
1099,c0bfb276-a85f-42e4-a534-267a45cd80e7,94,1,1,1
1100,c0bfb276-a85f-42e4-a534-267a45cd80e7,23,0,0,0
1101,c0bfb276-a85f-42e4-a534-267a45cd80e7,10,0,0,0
1102,c0bfb276-a85f-42e4-a534-267a45cd80e7,13,0,0,0
1103,c0bfb276-a85f-42e4-a534-267a45cd80e7,14,0,0,0
1104,c0bfb276-a85f-42e4-a534-267a45cd80e7,15,0,0,0
1105,c0bfb276-a85f-42e4-a534-267a45cd80e7,17,0,0,0
1106,c0bfb276-a85f-42e4-a534-267a45cd80e7,18,0,0,0
1107,c0bfb276-a85f-42e4-a534-267a45cd80e7,34,0,0,0
1108,c0bfb276-a85f-42e4-a534-267a45cd80e7,56,0,0,0
1109,c0bfb276-a85f-42e4-a534-267a45cd80e7,79,1,1,1
1110,c0bfb276-a85f-42e4-a534-267a45cd80e7,83,1,1,1
1111,c0bfb276-a85f-42e4-a534-267a45cd80e7,47,0,0,0
1112,c0bfb276-a85f-42e4-a534-267a45cd80e7,72,1,1,1
1113,c0bfb276-a85f-42e4-a534-267a45cd80e7,70,1,1,1
1114,c0bfb276-a85f-42e4-a534-267a45cd80e7,77,1,1,1
1115,c0bfb276-a85f-42e4-a534-267a45cd80e7,64,0,0,0
1116,c0bfb276-a85f-42e4-a534-267a45cd80e7,20,1,1,1
1117,c0bfb276-a85f-42e4-a534-267a45cd80e7,21,0,0,0
1118,c0bfb276-a85f-42e4-a534-267a45cd80e7,22,1,1,1
1119,c0bfb276-a85f-42e4-a534-267a45cd80e7,24,0,0,0
1120,c0bfb276-a85f-42e4-a534-267a45cd80e7,31,0,0,0
1121,c0bfb276-a85f-42e4-a534-267a45cd80e7,66,0,0,0
1122,c0bfb276-a85f-42e4-a534-267a45cd80e7,32,0,0,0
1123,c0bfb276-a85f-42e4-a534-267a45cd80e7,35,0,0,0
1124,c0bfb276-a85f-42e4-a534-267a45cd80e7,36,0,0,0
1125,c0bfb276-a85f-42e4-a534-267a45cd80e7,51,1,1,1
1126,c0bfb276-a85f-42e4-a534-267a45cd80e7,57,1,1,1
1127,c0bfb276-a85f-42e4-a534-267a45cd80e7,58,0,0,0
1128,c0bfb276-a85f-42e4-a534-267a45cd80e7,60,0,0,0
1129,c0bfb276-a85f-42e4-a534-267a45cd80e7,61,0,0,0
1130,c0bfb276-a85f-42e4-a534-267a45cd80e7,62,1,1,1
1131,c0bfb276-a85f-42e4-a534-267a45cd80e7,65,0,0,0
1132,c0bfb276-a85f-42e4-a534-267a45cd80e7,78,1,1,1
1133,c0bfb276-a85f-42e4-a534-267a45cd80e7,85,1,1,1
1134,c0bfb276-a85f-42e4-a534-267a45cd80e7,88,1,1,1
1135,c0bfb276-a85f-42e4-a534-267a45cd80e7,89,1,1,1
1136,c0bfb276-a85f-42e4-a534-267a45cd80e7,90,1,1,1
1137,c0bfb276-a85f-42e4-a534-267a45cd80e7,91,0,0,0
1138,c0bfb276-a85f-42e4-a534-267a45cd80e7,92,1,1,1
1139,c0bfb276-a85f-42e4-a534-267a45cd80e7,99,1,1,1
1140,c0bfb276-a85f-42e4-a534-267a45cd80e7,55,0,0,0
1141,c0bfb276-a85f-42e4-a534-267a45cd80e7,54,0,0,0
1142,c0bfb276-a85f-42e4-a534-267a45cd80e7,1,0,0,0
1143,c0bfb276-a85f-42e4-a534-267a45cd80e7,2,0,0,0
1144,c0bfb276-a85f-42e4-a534-267a45cd80e7,3,0,0,0
1145,c0bfb276-a85f-42e4-a534-267a45cd80e7,28,0,0,0
1146,c0bfb276-a85f-42e4-a534-267a45cd80e7,76,0,0,0
1147,c0bfb276-a85f-42e4-a534-267a45cd80e7,37,1,0,0
1148,c0bfb276-a85f-42e4-a534-267a45cd80e7,41,1,0,0
1149,c0bfb276-a85f-42e4-a534-267a45cd80e7,42,1,1,1
1150,c0bfb276-a85f-42e4-a534-267a45cd80e7,43,0,0,0
1151,c0bfb276-a85f-42e4-a534-267a45cd80e7,44,1,1,1
1152,c0bfb276-a85f-42e4-a534-267a45cd80e7,45,1,1,1
1153,dec81fd6-d146-4d9b-928f-68489e2706e8,100,1,1,1
1154,dec81fd6-d146-4d9b-928f-68489e2706e8,87,1,1,1
1155,dec81fd6-d146-4d9b-928f-68489e2706e8,93,1,1,1
1156,dec81fd6-d146-4d9b-928f-68489e2706e8,95,1,1,1
1157,dec81fd6-d146-4d9b-928f-68489e2706e8,96,1,1,1
1158,dec81fd6-d146-4d9b-928f-68489e2706e8,97,1,1,1
1159,dec81fd6-d146-4d9b-928f-68489e2706e8,84,1,1,1
1160,dec81fd6-d146-4d9b-928f-68489e2706e8,98,1,1,1
1161,dec81fd6-d146-4d9b-928f-68489e2706e8,68,0,0,0
1162,dec81fd6-d146-4d9b-928f-68489e2706e8,71,1,1,1
1163,dec81fd6-d146-4d9b-928f-68489e2706e8,73,1,1,0
1164,dec81fd6-d146-4d9b-928f-68489e2706e8,75,0,0,0
1165,dec81fd6-d146-4d9b-928f-68489e2706e8,80,0,0,0
1166,dec81fd6-d146-4d9b-928f-68489e2706e8,81,0,0,0
1167,dec81fd6-d146-4d9b-928f-68489e2706e8,82,0,0,0
1168,dec81fd6-d146-4d9b-928f-68489e2706e8,94,0,0,0
1169,dec81fd6-d146-4d9b-928f-68489e2706e8,79,1,1,1
1170,dec81fd6-d146-4d9b-928f-68489e2706e8,83,1,1,1
1171,dec81fd6-d146-4d9b-928f-68489e2706e8,72,0,0,0
1172,dec81fd6-d146-4d9b-928f-68489e2706e8,70,0,0,0
1173,dec81fd6-d146-4d9b-928f-68489e2706e8,77,0,0,0
1174,dec81fd6-d146-4d9b-928f-68489e2706e8,78,0,0,0
1175,dec81fd6-d146-4d9b-928f-68489e2706e8,85,0,0,0
1176,dec81fd6-d146-4d9b-928f-68489e2706e8,88,1,1,1
1177,dec81fd6-d146-4d9b-928f-68489e2706e8,89,1,1,1
1178,dec81fd6-d146-4d9b-928f-68489e2706e8,90,0,0,0
1179,dec81fd6-d146-4d9b-928f-68489e2706e8,91,1,1,1
1180,dec81fd6-d146-4d9b-928f-68489e2706e8,92,1,1,1
1181,dec81fd6-d146-4d9b-928f-68489e2706e8,99,1,1,1
1182,dec81fd6-d146-4d9b-928f-68489e2706e8,76,0,0,0
1183,1db40d13-ecbe-44cd-b5d0-fbd6aa28a2ce,100,0,0,0
1184,1db40d13-ecbe-44cd-b5d0-fbd6aa28a2ce,87,1,1,1
1185,1db40d13-ecbe-44cd-b5d0-fbd6aa28a2ce,93,1,1,1
1186,1db40d13-ecbe-44cd-b5d0-fbd6aa28a2ce,95,0,0,0
1187,1db40d13-ecbe-44cd-b5d0-fbd6aa28a2ce,96,1,1,1
1188,1db40d13-ecbe-44cd-b5d0-fbd6aa28a2ce,97,0,0,0
1189,1db40d13-ecbe-44cd-b5d0-fbd6aa28a2ce,84,1,1,1
1190,1db40d13-ecbe-44cd-b5d0-fbd6aa28a2ce,98,0,0,0
1191,1db40d13-ecbe-44cd-b5d0-fbd6aa28a2ce,68,0,0,0
1192,1db40d13-ecbe-44cd-b5d0-fbd6aa28a2ce,71,0,0,0
1193,1db40d13-ecbe-44cd-b5d0-fbd6aa28a2ce,73,0,0,0
1194,1db40d13-ecbe-44cd-b5d0-fbd6aa28a2ce,75,0,0,0
1195,1db40d13-ecbe-44cd-b5d0-fbd6aa28a2ce,80,0,0,0
1196,1db40d13-ecbe-44cd-b5d0-fbd6aa28a2ce,81,0,0,0
1197,1db40d13-ecbe-44cd-b5d0-fbd6aa28a2ce,82,0,0,0
1198,1db40d13-ecbe-44cd-b5d0-fbd6aa28a2ce,94,0,0,0
1199,1db40d13-ecbe-44cd-b5d0-fbd6aa28a2ce,79,0,0,0
1200,1db40d13-ecbe-44cd-b5d0-fbd6aa28a2ce,83,1,1,1
1201,1db40d13-ecbe-44cd-b5d0-fbd6aa28a2ce,72,0,0,0
1202,1db40d13-ecbe-44cd-b5d0-fbd6aa28a2ce,70,0,0,0
1203,1db40d13-ecbe-44cd-b5d0-fbd6aa28a2ce,77,0,0,0
1204,1db40d13-ecbe-44cd-b5d0-fbd6aa28a2ce,78,0,0,0
1205,1db40d13-ecbe-44cd-b5d0-fbd6aa28a2ce,85,0,0,0
1206,1db40d13-ecbe-44cd-b5d0-fbd6aa28a2ce,88,0,0,0
1207,1db40d13-ecbe-44cd-b5d0-fbd6aa28a2ce,89,1,1,1
1208,1db40d13-ecbe-44cd-b5d0-fbd6aa28a2ce,90,0,0,0
1209,1db40d13-ecbe-44cd-b5d0-fbd6aa28a2ce,91,0,0,0
1210,1db40d13-ecbe-44cd-b5d0-fbd6aa28a2ce,92,0,0,0
1211,1db40d13-ecbe-44cd-b5d0-fbd6aa28a2ce,99,0,0,0
1212,1db40d13-ecbe-44cd-b5d0-fbd6aa28a2ce,76,0,0,0
1213,ebfba4e7-0d88-4577-a752-f385ae9d763a,100,0,0,0
1214,ebfba4e7-0d88-4577-a752-f385ae9d763a,87,0,0,0
1215,ebfba4e7-0d88-4577-a752-f385ae9d763a,93,0,0,0
1216,ebfba4e7-0d88-4577-a752-f385ae9d763a,95,0,0,0
1217,ebfba4e7-0d88-4577-a752-f385ae9d763a,96,0,0,0
1218,ebfba4e7-0d88-4577-a752-f385ae9d763a,97,0,0,0
1219,ebfba4e7-0d88-4577-a752-f385ae9d763a,84,0,0,0
1220,ebfba4e7-0d88-4577-a752-f385ae9d763a,98,0,0,0
1221,ebfba4e7-0d88-4577-a752-f385ae9d763a,68,0,0,0
1222,ebfba4e7-0d88-4577-a752-f385ae9d763a,71,0,0,0
1223,ebfba4e7-0d88-4577-a752-f385ae9d763a,73,0,0,0
1224,ebfba4e7-0d88-4577-a752-f385ae9d763a,75,0,0,0
1225,ebfba4e7-0d88-4577-a752-f385ae9d763a,80,0,0,0
1226,ebfba4e7-0d88-4577-a752-f385ae9d763a,81,0,0,0
1227,ebfba4e7-0d88-4577-a752-f385ae9d763a,82,0,0,0
1228,ebfba4e7-0d88-4577-a752-f385ae9d763a,94,0,0,0
1229,ebfba4e7-0d88-4577-a752-f385ae9d763a,79,0,0,0
1230,ebfba4e7-0d88-4577-a752-f385ae9d763a,83,0,0,0
1231,ebfba4e7-0d88-4577-a752-f385ae9d763a,72,0,0,0
1232,ebfba4e7-0d88-4577-a752-f385ae9d763a,70,0,0,0
1233,ebfba4e7-0d88-4577-a752-f385ae9d763a,77,0,0,0
1234,ebfba4e7-0d88-4577-a752-f385ae9d763a,64,0,0,0
1235,ebfba4e7-0d88-4577-a752-f385ae9d763a,66,0,0,0
1236,ebfba4e7-0d88-4577-a752-f385ae9d763a,65,0,0,0
1237,ebfba4e7-0d88-4577-a752-f385ae9d763a,78,0,0,0
1238,ebfba4e7-0d88-4577-a752-f385ae9d763a,85,0,0,0
1239,ebfba4e7-0d88-4577-a752-f385ae9d763a,88,0,0,0
1240,ebfba4e7-0d88-4577-a752-f385ae9d763a,89,1,1,1
1241,ebfba4e7-0d88-4577-a752-f385ae9d763a,90,0,0,0
1242,ebfba4e7-0d88-4577-a752-f385ae9d763a,91,0,0,0
1243,ebfba4e7-0d88-4577-a752-f385ae9d763a,92,0,0,0
1244,ebfba4e7-0d88-4577-a752-f385ae9d763a,99,0,0,0
1245,ebfba4e7-0d88-4577-a752-f385ae9d763a,76,0,0,0
2213,e1bcb7db-ff34-4aea-ab4f-bdf20bf5eba8,100,0,0,0
2214,e1bcb7db-ff34-4aea-ab4f-bdf20bf5eba8,87,0,0,0
2215,e1bcb7db-ff34-4aea-ab4f-bdf20bf5eba8,93,0,0,0
2216,e1bcb7db-ff34-4aea-ab4f-bdf20bf5eba8,95,0,0,0
2217,e1bcb7db-ff34-4aea-ab4f-bdf20bf5eba8,96,0,0,0
2218,e1bcb7db-ff34-4aea-ab4f-bdf20bf5eba8,97,0,0,0
2219,e1bcb7db-ff34-4aea-ab4f-bdf20bf5eba8,84,0,0,0
2220,e1bcb7db-ff34-4aea-ab4f-bdf20bf5eba8,98,0,0,0
2221,e1bcb7db-ff34-4aea-ab4f-bdf20bf5eba8,68,0,0,0
2222,e1bcb7db-ff34-4aea-ab4f-bdf20bf5eba8,71,0,0,0
2223,e1bcb7db-ff34-4aea-ab4f-bdf20bf5eba8,73,0,0,0
2224,e1bcb7db-ff34-4aea-ab4f-bdf20bf5eba8,75,0,0,0
2225,e1bcb7db-ff34-4aea-ab4f-bdf20bf5eba8,80,0,0,0
2226,e1bcb7db-ff34-4aea-ab4f-bdf20bf5eba8,81,0,0,0
2227,e1bcb7db-ff34-4aea-ab4f-bdf20bf5eba8,82,0,0,0
2228,e1bcb7db-ff34-4aea-ab4f-bdf20bf5eba8,94,0,0,0
2229,e1bcb7db-ff34-4aea-ab4f-bdf20bf5eba8,79,0,0,0
2230,e1bcb7db-ff34-4aea-ab4f-bdf20bf5eba8,83,0,0,0
2231,e1bcb7db-ff34-4aea-ab4f-bdf20bf5eba8,72,1,1,1
2232,e1bcb7db-ff34-4aea-ab4f-bdf20bf5eba8,70,1,1,1
2233,e1bcb7db-ff34-4aea-ab4f-bdf20bf5eba8,77,1,1,1
2234,e1bcb7db-ff34-4aea-ab4f-bdf20bf5eba8,78,0,0,0
2235,e1bcb7db-ff34-4aea-ab4f-bdf20bf5eba8,85,0,0,0
2236,e1bcb7db-ff34-4aea-ab4f-bdf20bf5eba8,88,0,0,0
2237,e1bcb7db-ff34-4aea-ab4f-bdf20bf5eba8,89,0,0,0
2238,e1bcb7db-ff34-4aea-ab4f-bdf20bf5eba8,90,0,0,0
2239,e1bcb7db-ff34-4aea-ab4f-bdf20bf5eba8,91,0,0,0
2240,e1bcb7db-ff34-4aea-ab4f-bdf20bf5eba8,92,0,0,0
2241,e1bcb7db-ff34-4aea-ab4f-bdf20bf5eba8,99,0,0,0
2242,e1bcb7db-ff34-4aea-ab4f-bdf20bf5eba8,76,0,0,0
2243,5f838583-bcc1-4610-9450-e18eb21ff30a,16,0,0,0
2244,5f838583-bcc1-4610-9450-e18eb21ff30a,26,0,0,0
2245,5f838583-bcc1-4610-9450-e18eb21ff30a,19,0,0,0
2246,5f838583-bcc1-4610-9450-e18eb21ff30a,59,1,1,0
2247,5f838583-bcc1-4610-9450-e18eb21ff30a,38,0,0,0
2248,5f838583-bcc1-4610-9450-e18eb21ff30a,46,0,0,0
2249,5f838583-bcc1-4610-9450-e18eb21ff30a,50,0,0,0
2250,5f838583-bcc1-4610-9450-e18eb21ff30a,100,0,0,0
2251,5f838583-bcc1-4610-9450-e18eb21ff30a,87,1,1,0
2252,5f838583-bcc1-4610-9450-e18eb21ff30a,93,0,0,0
2253,5f838583-bcc1-4610-9450-e18eb21ff30a,95,0,0,0
2254,5f838583-bcc1-4610-9450-e18eb21ff30a,96,0,0,0
2255,5f838583-bcc1-4610-9450-e18eb21ff30a,97,0,0,0
2256,5f838583-bcc1-4610-9450-e18eb21ff30a,49,1,1,0
2257,5f838583-bcc1-4610-9450-e18eb21ff30a,52,0,0,0
2258,5f838583-bcc1-4610-9450-e18eb21ff30a,63,0,0,0
2259,5f838583-bcc1-4610-9450-e18eb21ff30a,84,0,0,0
2260,5f838583-bcc1-4610-9450-e18eb21ff30a,98,0,0,0
2261,5f838583-bcc1-4610-9450-e18eb21ff30a,4,0,0,0
2262,5f838583-bcc1-4610-9450-e18eb21ff30a,6,0,0,0
2263,5f838583-bcc1-4610-9450-e18eb21ff30a,7,0,0,0
2264,5f838583-bcc1-4610-9450-e18eb21ff30a,8,0,0,0
2265,5f838583-bcc1-4610-9450-e18eb21ff30a,12,0,0,0
2266,5f838583-bcc1-4610-9450-e18eb21ff30a,9,0,0,0
2267,5f838583-bcc1-4610-9450-e18eb21ff30a,29,0,0,0
2268,5f838583-bcc1-4610-9450-e18eb21ff30a,33,0,0,0
2269,5f838583-bcc1-4610-9450-e18eb21ff30a,68,0,0,0
2270,5f838583-bcc1-4610-9450-e18eb21ff30a,71,0,0,0
2271,5f838583-bcc1-4610-9450-e18eb21ff30a,73,0,0,0
2272,5f838583-bcc1-4610-9450-e18eb21ff30a,75,0,0,0
2273,5f838583-bcc1-4610-9450-e18eb21ff30a,80,0,0,0
2274,5f838583-bcc1-4610-9450-e18eb21ff30a,81,0,0,0
2275,5f838583-bcc1-4610-9450-e18eb21ff30a,82,0,0,0
2276,5f838583-bcc1-4610-9450-e18eb21ff30a,94,0,0,0
2277,5f838583-bcc1-4610-9450-e18eb21ff30a,23,0,0,0
2278,5f838583-bcc1-4610-9450-e18eb21ff30a,10,0,0,0
2279,5f838583-bcc1-4610-9450-e18eb21ff30a,13,0,0,0
2280,5f838583-bcc1-4610-9450-e18eb21ff30a,14,0,0,0
2281,5f838583-bcc1-4610-9450-e18eb21ff30a,15,0,0,0
2282,5f838583-bcc1-4610-9450-e18eb21ff30a,17,0,0,0
2283,5f838583-bcc1-4610-9450-e18eb21ff30a,18,0,0,0
2284,5f838583-bcc1-4610-9450-e18eb21ff30a,34,0,0,0
2285,5f838583-bcc1-4610-9450-e18eb21ff30a,56,0,0,0
2286,5f838583-bcc1-4610-9450-e18eb21ff30a,79,0,0,0
2287,5f838583-bcc1-4610-9450-e18eb21ff30a,83,0,0,0
2288,5f838583-bcc1-4610-9450-e18eb21ff30a,47,0,0,0
2289,5f838583-bcc1-4610-9450-e18eb21ff30a,72,0,0,0
2290,5f838583-bcc1-4610-9450-e18eb21ff30a,70,0,0,0
2291,5f838583-bcc1-4610-9450-e18eb21ff30a,77,0,0,0
2292,5f838583-bcc1-4610-9450-e18eb21ff30a,64,0,0,0
2293,5f838583-bcc1-4610-9450-e18eb21ff30a,20,0,0,0
2294,5f838583-bcc1-4610-9450-e18eb21ff30a,21,0,0,0
2295,5f838583-bcc1-4610-9450-e18eb21ff30a,22,0,0,0
2296,5f838583-bcc1-4610-9450-e18eb21ff30a,24,0,0,0
2297,5f838583-bcc1-4610-9450-e18eb21ff30a,31,0,0,0
2298,5f838583-bcc1-4610-9450-e18eb21ff30a,66,0,0,0
2299,5f838583-bcc1-4610-9450-e18eb21ff30a,32,0,0,0
2300,5f838583-bcc1-4610-9450-e18eb21ff30a,35,0,0,0
2301,5f838583-bcc1-4610-9450-e18eb21ff30a,36,0,0,0
2302,5f838583-bcc1-4610-9450-e18eb21ff30a,51,1,1,0
2303,5f838583-bcc1-4610-9450-e18eb21ff30a,57,1,1,0
2304,5f838583-bcc1-4610-9450-e18eb21ff30a,58,0,0,0
2305,5f838583-bcc1-4610-9450-e18eb21ff30a,60,0,0,0
2306,5f838583-bcc1-4610-9450-e18eb21ff30a,61,0,0,0
2307,5f838583-bcc1-4610-9450-e18eb21ff30a,62,0,0,0
2308,5f838583-bcc1-4610-9450-e18eb21ff30a,65,0,0,0
2309,5f838583-bcc1-4610-9450-e18eb21ff30a,78,0,0,0
2310,5f838583-bcc1-4610-9450-e18eb21ff30a,85,1,1,0
2311,5f838583-bcc1-4610-9450-e18eb21ff30a,88,1,1,0
2312,5f838583-bcc1-4610-9450-e18eb21ff30a,89,1,1,0
2313,5f838583-bcc1-4610-9450-e18eb21ff30a,90,1,1,0
2314,5f838583-bcc1-4610-9450-e18eb21ff30a,91,0,0,0
2315,5f838583-bcc1-4610-9450-e18eb21ff30a,92,1,1,0
2316,5f838583-bcc1-4610-9450-e18eb21ff30a,99,1,1,0
2317,5f838583-bcc1-4610-9450-e18eb21ff30a,55,0,0,0
2318,5f838583-bcc1-4610-9450-e18eb21ff30a,54,0,0,0
2319,5f838583-bcc1-4610-9450-e18eb21ff30a,1,0,0,0
2320,5f838583-bcc1-4610-9450-e18eb21ff30a,2,0,0,0
2321,5f838583-bcc1-4610-9450-e18eb21ff30a,3,0,0,0
2322,5f838583-bcc1-4610-9450-e18eb21ff30a,28,0,0,0
2323,5f838583-bcc1-4610-9450-e18eb21ff30a,76,0,0,0
2324,5f838583-bcc1-4610-9450-e18eb21ff30a,37,1,1,0
2325,5f838583-bcc1-4610-9450-e18eb21ff30a,41,1,1,0
2326,5f838583-bcc1-4610-9450-e18eb21ff30a,42,1,1,0
2327,5f838583-bcc1-4610-9450-e18eb21ff30a,43,1,1,0
2328,5f838583-bcc1-4610-9450-e18eb21ff30a,44,1,1,0
2329,5f838583-bcc1-4610-9450-e18eb21ff30a,45,1,1,0
2330,911c8b15-aaf2-4b82-bf9e-a91ec1aa2409,16,0,0,0
2331,911c8b15-aaf2-4b82-bf9e-a91ec1aa2409,26,0,0,0
2332,911c8b15-aaf2-4b82-bf9e-a91ec1aa2409,19,0,0,0
2333,911c8b15-aaf2-4b82-bf9e-a91ec1aa2409,59,0,0,0
2334,911c8b15-aaf2-4b82-bf9e-a91ec1aa2409,38,0,0,0
2335,911c8b15-aaf2-4b82-bf9e-a91ec1aa2409,46,1,0,0
2336,911c8b15-aaf2-4b82-bf9e-a91ec1aa2409,50,1,1,1
2337,911c8b15-aaf2-4b82-bf9e-a91ec1aa2409,100,1,1,0
2338,911c8b15-aaf2-4b82-bf9e-a91ec1aa2409,87,1,1,1
2339,911c8b15-aaf2-4b82-bf9e-a91ec1aa2409,93,0,0,0
2340,911c8b15-aaf2-4b82-bf9e-a91ec1aa2409,95,0,0,0
2341,911c8b15-aaf2-4b82-bf9e-a91ec1aa2409,96,0,0,0
2342,911c8b15-aaf2-4b82-bf9e-a91ec1aa2409,97,0,0,0
2343,911c8b15-aaf2-4b82-bf9e-a91ec1aa2409,49,1,1,0
2344,911c8b15-aaf2-4b82-bf9e-a91ec1aa2409,52,0,0,0
2345,911c8b15-aaf2-4b82-bf9e-a91ec1aa2409,63,0,0,0
2346,911c8b15-aaf2-4b82-bf9e-a91ec1aa2409,84,0,0,0
2347,911c8b15-aaf2-4b82-bf9e-a91ec1aa2409,98,1,1,1
2348,911c8b15-aaf2-4b82-bf9e-a91ec1aa2409,4,0,0,0
2349,911c8b15-aaf2-4b82-bf9e-a91ec1aa2409,6,0,0,0
2350,911c8b15-aaf2-4b82-bf9e-a91ec1aa2409,7,0,0,0
2351,911c8b15-aaf2-4b82-bf9e-a91ec1aa2409,8,0,0,0
2352,911c8b15-aaf2-4b82-bf9e-a91ec1aa2409,12,0,0,0
2353,911c8b15-aaf2-4b82-bf9e-a91ec1aa2409,9,0,0,0
2354,911c8b15-aaf2-4b82-bf9e-a91ec1aa2409,29,0,0,0
2355,911c8b15-aaf2-4b82-bf9e-a91ec1aa2409,33,0,0,0
2356,911c8b15-aaf2-4b82-bf9e-a91ec1aa2409,68,0,0,0
2357,911c8b15-aaf2-4b82-bf9e-a91ec1aa2409,71,0,0,0
2358,911c8b15-aaf2-4b82-bf9e-a91ec1aa2409,73,0,0,0
2359,911c8b15-aaf2-4b82-bf9e-a91ec1aa2409,75,0,0,0
2360,911c8b15-aaf2-4b82-bf9e-a91ec1aa2409,80,1,1,1
2361,911c8b15-aaf2-4b82-bf9e-a91ec1aa2409,81,1,1,1
2362,911c8b15-aaf2-4b82-bf9e-a91ec1aa2409,82,1,1,1
2363,911c8b15-aaf2-4b82-bf9e-a91ec1aa2409,94,1,1,1
2364,911c8b15-aaf2-4b82-bf9e-a91ec1aa2409,23,0,0,0
2365,911c8b15-aaf2-4b82-bf9e-a91ec1aa2409,10,0,0,0
2366,911c8b15-aaf2-4b82-bf9e-a91ec1aa2409,13,0,0,0
2367,911c8b15-aaf2-4b82-bf9e-a91ec1aa2409,14,0,0,0
2368,911c8b15-aaf2-4b82-bf9e-a91ec1aa2409,15,0,0,0
2369,911c8b15-aaf2-4b82-bf9e-a91ec1aa2409,17,0,0,0
2370,911c8b15-aaf2-4b82-bf9e-a91ec1aa2409,18,0,0,0
2371,911c8b15-aaf2-4b82-bf9e-a91ec1aa2409,34,0,0,0
2372,911c8b15-aaf2-4b82-bf9e-a91ec1aa2409,56,0,0,0
2373,911c8b15-aaf2-4b82-bf9e-a91ec1aa2409,79,1,0,0
2374,911c8b15-aaf2-4b82-bf9e-a91ec1aa2409,83,1,1,1
2375,911c8b15-aaf2-4b82-bf9e-a91ec1aa2409,47,0,0,0
2376,911c8b15-aaf2-4b82-bf9e-a91ec1aa2409,72,1,1,1
2377,911c8b15-aaf2-4b82-bf9e-a91ec1aa2409,70,1,0,0
2378,911c8b15-aaf2-4b82-bf9e-a91ec1aa2409,77,1,0,0
2379,911c8b15-aaf2-4b82-bf9e-a91ec1aa2409,64,0,0,0
2380,911c8b15-aaf2-4b82-bf9e-a91ec1aa2409,20,1,1,1
2381,911c8b15-aaf2-4b82-bf9e-a91ec1aa2409,21,0,0,0
2382,911c8b15-aaf2-4b82-bf9e-a91ec1aa2409,22,1,1,1
2383,911c8b15-aaf2-4b82-bf9e-a91ec1aa2409,24,0,0,0
2384,911c8b15-aaf2-4b82-bf9e-a91ec1aa2409,31,0,0,0
2385,911c8b15-aaf2-4b82-bf9e-a91ec1aa2409,66,0,0,0
2386,911c8b15-aaf2-4b82-bf9e-a91ec1aa2409,32,0,0,0
2387,911c8b15-aaf2-4b82-bf9e-a91ec1aa2409,35,0,0,0
2388,911c8b15-aaf2-4b82-bf9e-a91ec1aa2409,36,0,0,0
2389,911c8b15-aaf2-4b82-bf9e-a91ec1aa2409,51,1,1,1
2390,911c8b15-aaf2-4b82-bf9e-a91ec1aa2409,57,1,1,1
2391,911c8b15-aaf2-4b82-bf9e-a91ec1aa2409,58,0,0,0
2392,911c8b15-aaf2-4b82-bf9e-a91ec1aa2409,60,0,0,0
2393,911c8b15-aaf2-4b82-bf9e-a91ec1aa2409,61,0,0,0
2394,911c8b15-aaf2-4b82-bf9e-a91ec1aa2409,62,0,0,0
2395,911c8b15-aaf2-4b82-bf9e-a91ec1aa2409,65,0,0,0
2396,911c8b15-aaf2-4b82-bf9e-a91ec1aa2409,78,1,1,1
2397,911c8b15-aaf2-4b82-bf9e-a91ec1aa2409,85,1,1,1
2398,911c8b15-aaf2-4b82-bf9e-a91ec1aa2409,88,1,1,1
2399,911c8b15-aaf2-4b82-bf9e-a91ec1aa2409,89,1,1,1
2400,911c8b15-aaf2-4b82-bf9e-a91ec1aa2409,90,1,1,1
2401,911c8b15-aaf2-4b82-bf9e-a91ec1aa2409,91,1,1,1
2402,911c8b15-aaf2-4b82-bf9e-a91ec1aa2409,92,1,1,1
2403,911c8b15-aaf2-4b82-bf9e-a91ec1aa2409,99,1,1,1
2404,911c8b15-aaf2-4b82-bf9e-a91ec1aa2409,55,1,1,0
2405,911c8b15-aaf2-4b82-bf9e-a91ec1aa2409,54,0,0,0
2406,911c8b15-aaf2-4b82-bf9e-a91ec1aa2409,1,0,0,0
2407,911c8b15-aaf2-4b82-bf9e-a91ec1aa2409,2,0,0,0
2408,911c8b15-aaf2-4b82-bf9e-a91ec1aa2409,3,0,0,0
2409,911c8b15-aaf2-4b82-bf9e-a91ec1aa2409,28,0,0,0
2410,911c8b15-aaf2-4b82-bf9e-a91ec1aa2409,76,0,0,0
2411,911c8b15-aaf2-4b82-bf9e-a91ec1aa2409,37,1,1,1
2412,911c8b15-aaf2-4b82-bf9e-a91ec1aa2409,41,1,1,1
2413,911c8b15-aaf2-4b82-bf9e-a91ec1aa2409,42,0,0,0
2414,911c8b15-aaf2-4b82-bf9e-a91ec1aa2409,43,1,1,1
2415,911c8b15-aaf2-4b82-bf9e-a91ec1aa2409,44,1,1,1
2416,911c8b15-aaf2-4b82-bf9e-a91ec1aa2409,45,1,1,1
2417,a2c2cb0e-280d-40b3-bd39-39c55d751968,100,0,0,0
2418,a2c2cb0e-280d-40b3-bd39-39c55d751968,87,0,0,0
2419,a2c2cb0e-280d-40b3-bd39-39c55d751968,93,0,0,0
2420,a2c2cb0e-280d-40b3-bd39-39c55d751968,95,0,0,0
2421,a2c2cb0e-280d-40b3-bd39-39c55d751968,96,0,0,0
2422,a2c2cb0e-280d-40b3-bd39-39c55d751968,97,0,0,0
2423,a2c2cb0e-280d-40b3-bd39-39c55d751968,84,0,0,0
2424,a2c2cb0e-280d-40b3-bd39-39c55d751968,98,0,0,0
2425,a2c2cb0e-280d-40b3-bd39-39c55d751968,68,0,0,0
2426,a2c2cb0e-280d-40b3-bd39-39c55d751968,71,0,0,0
2427,a2c2cb0e-280d-40b3-bd39-39c55d751968,73,0,0,0
2428,a2c2cb0e-280d-40b3-bd39-39c55d751968,75,0,0,0
2429,a2c2cb0e-280d-40b3-bd39-39c55d751968,80,0,0,0
2430,a2c2cb0e-280d-40b3-bd39-39c55d751968,81,0,0,0
2431,a2c2cb0e-280d-40b3-bd39-39c55d751968,82,0,0,0
2432,a2c2cb0e-280d-40b3-bd39-39c55d751968,94,0,0,0
2433,a2c2cb0e-280d-40b3-bd39-39c55d751968,79,0,0,0
2434,a2c2cb0e-280d-40b3-bd39-39c55d751968,83,0,0,0
2435,a2c2cb0e-280d-40b3-bd39-39c55d751968,72,0,0,0
2436,a2c2cb0e-280d-40b3-bd39-39c55d751968,70,0,0,0
2437,a2c2cb0e-280d-40b3-bd39-39c55d751968,77,0,0,0
2438,a2c2cb0e-280d-40b3-bd39-39c55d751968,78,0,0,0
2439,a2c2cb0e-280d-40b3-bd39-39c55d751968,85,0,0,0
2440,a2c2cb0e-280d-40b3-bd39-39c55d751968,88,0,0,0
2441,a2c2cb0e-280d-40b3-bd39-39c55d751968,89,0,0,0
2442,a2c2cb0e-280d-40b3-bd39-39c55d751968,90,0,0,0
2443,a2c2cb0e-280d-40b3-bd39-39c55d751968,91,0,0,0
2444,a2c2cb0e-280d-40b3-bd39-39c55d751968,92,0,0,0
2445,a2c2cb0e-280d-40b3-bd39-39c55d751968,99,1,1,1
2446,a2c2cb0e-280d-40b3-bd39-39c55d751968,76,0,0,0
2447,4dfe1cb2-2cb4-4c61-b22c-5fa2d5fbbdc3,16,0,0,0
2448,4dfe1cb2-2cb4-4c61-b22c-5fa2d5fbbdc3,26,0,0,0
2449,4dfe1cb2-2cb4-4c61-b22c-5fa2d5fbbdc3,19,1,0,0
2450,4dfe1cb2-2cb4-4c61-b22c-5fa2d5fbbdc3,59,0,0,0
2451,4dfe1cb2-2cb4-4c61-b22c-5fa2d5fbbdc3,38,0,0,0
2452,4dfe1cb2-2cb4-4c61-b22c-5fa2d5fbbdc3,46,0,0,0
2453,4dfe1cb2-2cb4-4c61-b22c-5fa2d5fbbdc3,50,1,1,1
2454,4dfe1cb2-2cb4-4c61-b22c-5fa2d5fbbdc3,100,0,0,0
2455,4dfe1cb2-2cb4-4c61-b22c-5fa2d5fbbdc3,87,0,0,0
2456,4dfe1cb2-2cb4-4c61-b22c-5fa2d5fbbdc3,93,0,0,0
2457,4dfe1cb2-2cb4-4c61-b22c-5fa2d5fbbdc3,95,0,0,0
2458,4dfe1cb2-2cb4-4c61-b22c-5fa2d5fbbdc3,96,0,0,0
2459,4dfe1cb2-2cb4-4c61-b22c-5fa2d5fbbdc3,97,0,0,0
2460,4dfe1cb2-2cb4-4c61-b22c-5fa2d5fbbdc3,49,0,0,0
2461,4dfe1cb2-2cb4-4c61-b22c-5fa2d5fbbdc3,52,0,0,0
2462,4dfe1cb2-2cb4-4c61-b22c-5fa2d5fbbdc3,63,0,0,0
2463,4dfe1cb2-2cb4-4c61-b22c-5fa2d5fbbdc3,84,0,0,0
2464,4dfe1cb2-2cb4-4c61-b22c-5fa2d5fbbdc3,98,0,0,0
2465,4dfe1cb2-2cb4-4c61-b22c-5fa2d5fbbdc3,4,0,0,0
2466,4dfe1cb2-2cb4-4c61-b22c-5fa2d5fbbdc3,6,0,0,0
2467,4dfe1cb2-2cb4-4c61-b22c-5fa2d5fbbdc3,7,0,0,0
2468,4dfe1cb2-2cb4-4c61-b22c-5fa2d5fbbdc3,8,0,0,0
2469,4dfe1cb2-2cb4-4c61-b22c-5fa2d5fbbdc3,12,0,0,0
2470,4dfe1cb2-2cb4-4c61-b22c-5fa2d5fbbdc3,9,0,0,0
2471,4dfe1cb2-2cb4-4c61-b22c-5fa2d5fbbdc3,29,0,0,0
2472,4dfe1cb2-2cb4-4c61-b22c-5fa2d5fbbdc3,33,0,0,0
2473,4dfe1cb2-2cb4-4c61-b22c-5fa2d5fbbdc3,68,0,0,0
2474,4dfe1cb2-2cb4-4c61-b22c-5fa2d5fbbdc3,71,0,0,0
2475,4dfe1cb2-2cb4-4c61-b22c-5fa2d5fbbdc3,73,0,0,0
2476,4dfe1cb2-2cb4-4c61-b22c-5fa2d5fbbdc3,75,0,0,0
2477,4dfe1cb2-2cb4-4c61-b22c-5fa2d5fbbdc3,80,0,0,0
2478,4dfe1cb2-2cb4-4c61-b22c-5fa2d5fbbdc3,81,0,0,0
2479,4dfe1cb2-2cb4-4c61-b22c-5fa2d5fbbdc3,82,0,0,0
2480,4dfe1cb2-2cb4-4c61-b22c-5fa2d5fbbdc3,94,0,0,0
2481,4dfe1cb2-2cb4-4c61-b22c-5fa2d5fbbdc3,23,0,0,0
2482,4dfe1cb2-2cb4-4c61-b22c-5fa2d5fbbdc3,10,0,0,0
2483,4dfe1cb2-2cb4-4c61-b22c-5fa2d5fbbdc3,13,0,0,0
2484,4dfe1cb2-2cb4-4c61-b22c-5fa2d5fbbdc3,14,0,0,0
2485,4dfe1cb2-2cb4-4c61-b22c-5fa2d5fbbdc3,15,0,0,0
2486,4dfe1cb2-2cb4-4c61-b22c-5fa2d5fbbdc3,17,0,0,0
2487,4dfe1cb2-2cb4-4c61-b22c-5fa2d5fbbdc3,18,0,0,0
2488,4dfe1cb2-2cb4-4c61-b22c-5fa2d5fbbdc3,34,0,0,0
2489,4dfe1cb2-2cb4-4c61-b22c-5fa2d5fbbdc3,56,0,0,0
2490,4dfe1cb2-2cb4-4c61-b22c-5fa2d5fbbdc3,79,0,0,0
2491,4dfe1cb2-2cb4-4c61-b22c-5fa2d5fbbdc3,83,0,0,0
2492,4dfe1cb2-2cb4-4c61-b22c-5fa2d5fbbdc3,47,0,0,0
2493,4dfe1cb2-2cb4-4c61-b22c-5fa2d5fbbdc3,72,0,0,0
2494,4dfe1cb2-2cb4-4c61-b22c-5fa2d5fbbdc3,70,0,0,0
2495,4dfe1cb2-2cb4-4c61-b22c-5fa2d5fbbdc3,77,0,0,0
2496,4dfe1cb2-2cb4-4c61-b22c-5fa2d5fbbdc3,64,0,0,0
2497,4dfe1cb2-2cb4-4c61-b22c-5fa2d5fbbdc3,20,1,1,1
2498,4dfe1cb2-2cb4-4c61-b22c-5fa2d5fbbdc3,21,0,0,0
2499,4dfe1cb2-2cb4-4c61-b22c-5fa2d5fbbdc3,22,1,1,1
2500,4dfe1cb2-2cb4-4c61-b22c-5fa2d5fbbdc3,24,0,0,0
2501,4dfe1cb2-2cb4-4c61-b22c-5fa2d5fbbdc3,31,0,0,0
2502,4dfe1cb2-2cb4-4c61-b22c-5fa2d5fbbdc3,66,0,0,0
2503,4dfe1cb2-2cb4-4c61-b22c-5fa2d5fbbdc3,32,0,0,0
2504,4dfe1cb2-2cb4-4c61-b22c-5fa2d5fbbdc3,35,0,0,0
2505,4dfe1cb2-2cb4-4c61-b22c-5fa2d5fbbdc3,36,0,0,0
2506,4dfe1cb2-2cb4-4c61-b22c-5fa2d5fbbdc3,51,1,1,1
2507,4dfe1cb2-2cb4-4c61-b22c-5fa2d5fbbdc3,57,1,1,1
2508,4dfe1cb2-2cb4-4c61-b22c-5fa2d5fbbdc3,58,0,0,0
2509,4dfe1cb2-2cb4-4c61-b22c-5fa2d5fbbdc3,60,0,0,0
2510,4dfe1cb2-2cb4-4c61-b22c-5fa2d5fbbdc3,61,0,0,0
2511,4dfe1cb2-2cb4-4c61-b22c-5fa2d5fbbdc3,62,1,1,1
2512,4dfe1cb2-2cb4-4c61-b22c-5fa2d5fbbdc3,65,0,0,0
2513,4dfe1cb2-2cb4-4c61-b22c-5fa2d5fbbdc3,78,1,1,1
2514,4dfe1cb2-2cb4-4c61-b22c-5fa2d5fbbdc3,85,1,1,1
2515,4dfe1cb2-2cb4-4c61-b22c-5fa2d5fbbdc3,88,1,1,1
2516,4dfe1cb2-2cb4-4c61-b22c-5fa2d5fbbdc3,89,1,1,1
2517,4dfe1cb2-2cb4-4c61-b22c-5fa2d5fbbdc3,90,1,1,1
2518,4dfe1cb2-2cb4-4c61-b22c-5fa2d5fbbdc3,91,0,0,0
2519,4dfe1cb2-2cb4-4c61-b22c-5fa2d5fbbdc3,92,1,1,1
2520,4dfe1cb2-2cb4-4c61-b22c-5fa2d5fbbdc3,99,1,1,1
2521,4dfe1cb2-2cb4-4c61-b22c-5fa2d5fbbdc3,55,0,0,0
2522,4dfe1cb2-2cb4-4c61-b22c-5fa2d5fbbdc3,54,0,0,0
2523,4dfe1cb2-2cb4-4c61-b22c-5fa2d5fbbdc3,1,0,0,0
2524,4dfe1cb2-2cb4-4c61-b22c-5fa2d5fbbdc3,2,0,0,0
2525,4dfe1cb2-2cb4-4c61-b22c-5fa2d5fbbdc3,3,0,0,0
2526,4dfe1cb2-2cb4-4c61-b22c-5fa2d5fbbdc3,28,0,0,0
2527,4dfe1cb2-2cb4-4c61-b22c-5fa2d5fbbdc3,76,0,0,0
2528,4dfe1cb2-2cb4-4c61-b22c-5fa2d5fbbdc3,37,0,0,0
2529,4dfe1cb2-2cb4-4c61-b22c-5fa2d5fbbdc3,41,0,0,0
2530,4dfe1cb2-2cb4-4c61-b22c-5fa2d5fbbdc3,42,0,0,0
2531,4dfe1cb2-2cb4-4c61-b22c-5fa2d5fbbdc3,43,0,0,0
2532,4dfe1cb2-2cb4-4c61-b22c-5fa2d5fbbdc3,44,0,0,0
2533,4dfe1cb2-2cb4-4c61-b22c-5fa2d5fbbdc3,45,0,0,0
