1,Z3D002,P14,B 9594 TYX,,2018-09-08 10:24:55.357,14WMSADM1,NULL,NULL,15477690/MJ/2016,,,3D1414,1
2,Z3D003,P14,B 9598 TYX,,2018-09-08 10:26:45.827,14WMSADM1,NULL,NULL,15476560/MJ/2016,,,3D1414,1
3,Z3D003,P14,B 9600 TYX,,2018-09-08 10:27:33.003,14WMSADM1,NULL,NULL,15476550/MJ/2016,,,3D1414,1
4,Z3D002,P14,B 9437 TDE,,2018-09-08 10:29:10.723,14WMSADM1,NULL,NULL,05908158/MA/2018,,,3D1414,1
5,Z3D001,P14,B 9327 TAS,,2018-09-08 10:30:08.773,14WMSADM1,NULL,NULL,15484558/MJ/2016,,,3D1414,1
6,Z3D003,P14,B 9597 TYX,,2018-09-08 10:31:07.917,14WMSADM1,NULL,NULL,15476552/MJ/2016,,,3D1414,1
7,Z3D002,P14,B 9601 TYX,,2018-09-08 10:31:53.090,14WMSADM1,NULL,NULL,15477691/MJ/2016,,,3D1414,1
8,Z3D003,P14,B 9599 TYX,,2018-09-08 15:32:04.553,14WMSADM1,2018-09-08 15:32:23.820,14WMSADM1,15471549/MJ/2016,,,3D1414,1
9,Z3D003,P14,B 9596 TYX,,2018-09-08 15:33:24.760,14WMSADM1,NULL,NULL,15476551/MJ/2016,,,3D1414,1
10,Z3D002,P13,D 8413 FE,,2018-09-10 11:31:28.693,13wmsadm1,NULL,NULL,,,,3D1313,1
11,Z3D002,P13,D 8416 FE,,2018-09-10 11:32:16.960,13wmsadm1,NULL,NULL,,,,3D1313,1
12,Z3D002,P13,D 8417 FE,,2018-09-10 11:32:35.677,13wmsadm1,NULL,NULL,,,,3D1313,1
13,Z3D002,P13,D 8418 FE,,2018-09-10 11:32:56.083,13wmsadm1,NULL,NULL,,,,3D1313,1
14,Z3D002,P13,D 8419 FE,,2018-09-10 11:33:14.423,13wmsadm1,NULL,NULL,,,,3D1313,1
15,Z3D002,P13,D 8420 FE,,2018-09-10 11:33:34.723,13wmsadm1,NULL,NULL,,,,3D1313,1
16,Z3D002,P13,D 8421 FE,,2018-09-10 11:34:00.120,13wmsadm1,NULL,NULL,,,,3D1313,1
17,Z3D026,P13,D 8422 FE,,2018-09-10 11:34:19.667,13wmsadm1,NULL,NULL,,,,3D1313,1
18,Z3D026,P13,D 8411 FE,,2018-09-10 11:34:41.540,13wmsadm1,NULL,NULL,,,,3D1313,1
19,Z3D001,P13,D 8503 FE,,2018-09-10 11:35:04.247,13wmsadm1,NULL,NULL,,,,3D1313,1
20,Z3D001,P13,D 8574 FE,,2018-09-10 11:35:21.837,13wmsadm1,NULL,NULL,,,,3D1313,1
21,Z3D003,P13,D 8412 FE,,2018-09-10 11:35:45.620,13wmsadm1,NULL,NULL,,,,3D1313,1
22,Z3D003,P13,D 8410 FE,,2018-09-10 11:36:03.793,13wmsadm1,NULL,NULL,,,,3D1313,1
23,Z3D001,P13,D 8841 DA,,2018-09-10 11:36:21.237,13wmsadm1,NULL,NULL,,,,3D1313,1
27,Z3D003,P16,AD 1603 JP,,2018-10-30 08:18:58.197,99mis,NULL,NULL,,,,3D1616,1
28,Z3D003,P16,AD 1605 JP,,2018-10-30 08:19:23.830,99mis,NULL,NULL,,,,3D1616,1
29,Z3D003,P16,AD 1606 JP,,2018-10-30 08:19:50.770,99mis,NULL,NULL,,,,3D1616,1
30,Z3D003,P16,AD 1607 JP,,2018-10-30 08:20:14.733,99mis,NULL,NULL,,,,3D1616,1
31,Z3D003,P16,AD 1608 JP,,2018-10-30 08:20:38.653,99mis,NULL,NULL,,,,3D1616,1
33,Z3D003,P16,AD 1610 JP,,2018-10-30 08:21:33.317,99mis,NULL,NULL,,,,3D1616,1
34,Z3D002,P16,AD 1611 JP,,2018-10-30 08:21:52.697,99mis,2018-10-30 08:23:06.117,99mis,,,,3D1616,1
35,Z3D002,P16,AD 1612 JP,,2018-10-30 08:22:15.863,99mis,2018-10-30 08:22:51.427,99mis,,,,3D1616,1
36,Z3D003,P16,B 9106 TDB,,2018-10-30 08:22:40.160,99mis,NULL,NULL,,,,3D1616,1
37,Z3D001,P16,B 9468 TAT,,2018-10-30 08:23:31.880,99mis,NULL,NULL,,,,3D1616,1
38,Z3D002,S36,DB 8037 QL,,2018-11-21 08:50:31.913,99mis,2018-11-21 09:16:08.373,99mis,,,,3D3636,1
39,Z3D002,S36,B 9091 TX,,2018-11-21 08:51:07.350,99mis,2018-11-21 09:15:42.010,99mis,,,,3D3636,1
40,Z3D026,S36,B 9168 UT,,2018-11-21 08:52:00.133,99mis,NULL,NULL,,,,3D3636,1
41,Z3D002,S36,B 9323 UIT,,2018-11-21 08:52:32.913,99mis,2018-11-21 09:15:57.957,99mis,,,,3D3636,1
42,Z3D003,S36,DN 8537 AU,,2018-11-21 08:53:01.463,99mis,2018-11-21 09:17:47.333,99mis,,,,3D3636,1
43,Z3D003,S36,DN 8512 DU,,2018-11-21 08:53:34.057,99mis,2018-11-21 09:17:39.740,99mis,,,,3D3636,1
44,Z3D003,S36,DN 8786 BU,,2018-11-21 08:54:51.337,99mis,2018-11-21 09:18:07.077,99mis,,,,3D3636,1
46,Z3D003,S36,DN 8486 VK,,2018-11-21 08:55:48.710,99mis,2018-11-21 09:17:23.467,99mis,,,,3D3636,1
47,Z3D003,S36,DN 8493 VU,,2018-11-21 08:56:15.290,99mis,2018-11-21 09:17:31.883,99mis,,,,3D3636,1
48,Z3D003,S36,DM 8187 A,,2018-11-21 08:56:40.980,99mis,2018-11-21 09:17:00.040,99mis,,,,3D3636,1
49,Z3D003,S36,DN 8592 VF,,2018-11-21 08:57:04.353,99mis,2018-11-21 09:16:43.873,99mis,,,,3D3636,1
50,Z3D003,S36,DN 8412 DB,,2018-11-21 08:57:25.183,99mis,2018-11-21 09:17:07.973,99mis,,,,3D3636,1
51,Z3D003,S36,DD 8490 MQ,,2018-11-21 08:57:48.747,99mis,2018-11-21 09:16:32.660,99mis,,,,3D3636,1
52,Z3D003,S36,DN 8630 DD,,2018-11-21 08:58:07.307,99mis,2018-11-21 09:17:59.097,99mis,,,,3D3636,1
53,Z3D003,S36,DN 8480 KU,,2018-11-21 08:58:31.760,99mis,2018-11-21 09:17:15.623,99mis,,,,3D3636,1
54,Z3D003,S36,DD 8436 XI,,2018-11-21 08:59:01.697,99mis,2018-11-21 09:16:21.117,99mis,,,,3D3636,1
55,Z3D003,S36,DN 8561 VG,,2018-11-21 08:59:31.573,99mis,2018-11-21 09:16:52.417,99mis,,,,3D3636,1
56,Z3D002,S34,B 9816 UAN,,2018-11-21 09:02:17.947,99mis,2018-11-21 09:12:24.140,99mis,,,,3D3434,1
57,Z3D003,S34,B 9460 FH,,2018-11-21 09:02:44.590,99mis,2018-11-21 09:12:10.093,99mis,,,,3D3434,1
58,Z3D003,S34,B 9250 UCS,,2018-11-21 09:03:28.857,99mis,2018-11-21 09:12:02.157,99mis,,,,3D3434,1
59,Z3D003,S34,B 9219 UDG,,2018-11-21 09:03:56.170,99mis,2018-11-21 09:11:52.687,99mis,,,,3D3434,1
61,Z3D004,S34,DW 9605 AB,,2018-11-21 09:04:42.590,99mis,2018-11-21 09:09:00.267,99mis,,,,3D3434,1
62,Z3D004,S34,DW 8901 AE,,2018-11-21 09:05:06.357,99mis,2018-11-21 09:09:17.673,99mis,,,,3D3434,1
63,Z3D004,S34,DT 9607 GE,,2018-11-21 09:05:31.777,99mis,2018-11-21 09:10:41.123,99mis,,,,3D3434,1
64,Z3D004,S34,DD 8420 KR,,2018-11-21 09:05:52.683,99mis,2018-11-21 09:11:26.733,99mis,,,,3D3434,1
65,Z3D003,S34,DB 8950 AV,,2018-11-21 09:06:13.983,99mis,2018-11-21 09:12:39.360,99mis,,,,3D3434,1
66,Z3D003,S34,DT 8944 XE,,2018-11-21 09:06:35.437,99mis,2018-11-21 09:10:59.060,99mis,,,,3D3434,1
67,Z3D003,S34,DT 9069 AH,,2018-11-21 09:06:59.547,99mis,2018-11-21 09:10:50.390,99mis,,,,3D3434,1
68,Z3D004,S34,DD 9705 AH,,2018-11-21 09:07:18.920,99mis,2018-11-21 09:11:18.907,99mis,,,,3D3434,1
69,Z3D003,S34,DT 9664 BE,,2018-11-21 09:07:39.827,99mis,2018-11-21 09:10:21.140,99mis,,,,3D3434,1
86,Z3D001,P17,B 9290 TAU,,2018-11-21 10:11:27.180,99mis,NULL,NULL,,,,3D1717,1
87,Z3D002,P17,B 9595 TYX,,2018-11-21 10:11:54.763,99mis,NULL,NULL,,,,3D1717,1
88,Z3D003,P17,AD 1604 JP,,2018-11-21 10:12:21.390,99mis,NULL,NULL,,,,3D1717,1
89,Z3D026,P17,AD 1301 LP,,2018-11-21 10:12:49.013,99mis,NULL,NULL,,,,3D1717,1
90,Z3D001,P20,DK 8382 J,,2018-11-21 10:17:16.047,99mis,NULL,NULL,,,,3D2020,1
91,Z3D001,P20,DK 8384 J,,2018-11-21 10:17:37.737,99mis,NULL,NULL,,,,3D2020,1
93,Z3D002,P20,DK 8667 J,,2018-11-21 10:18:16.187,99mis,NULL,NULL,,,,3D2020,1
94,Z3D002,P20,DK 8669 J,,2018-11-21 10:18:36.517,99mis,NULL,NULL,,,,3D2020,1
95,Z3D002,P20,DK 8670 J,,2018-11-21 10:19:07.097,99mis,NULL,NULL,,,,3D2020,1
96,Z3D001,P20,DK 9768 BB,,2018-11-21 10:19:28.440,99mis,NULL,NULL,,,,3D2020,1
97,Z3D001,P20,DK 9778 BV,,2018-11-21 10:19:49.227,99mis,NULL,NULL,,,,3D2020,1
98,Z3D001,P20,DK 9794 DU,,2018-11-21 10:20:07.570,99mis,NULL,NULL,,,,3D2020,1
99,Z3D001,P20,DK 9838 BC,,2018-11-21 10:20:29.160,99mis,NULL,NULL,,,,3D2020,1
100,Z3D003,T15,B 9153 KRV,,2018-11-21 10:22:53.200,99mis,NULL,NULL,,,,3D1515,1
101,Z3D003,T15,B 9696 UCN,,2018-11-21 10:23:14.450,99mis,NULL,NULL,,,,3D1515,1
102,Z3D003,T15,B 9850 UCN,,2018-11-21 10:23:37.920,99mis,NULL,NULL,,,,3D1515,1
103,Z3D003,T15,B 9854 UCN,,2018-11-21 10:24:01.667,99mis,NULL,NULL,,,,3D1515,1
104,Z3D003,T15,B 9972 UXS,,2018-11-21 10:24:23.653,99mis,NULL,NULL,,,,3D1515,1
105,Z3D011,T15,E 8557 YH,,2018-11-21 10:25:02.887,99mis,NULL,NULL,,,,3D1515,1
106,Z3D011,T15,G 1364 ME,,2018-11-21 10:26:04.283,99mis,NULL,NULL,,,,3D1515,1
107,Z3D011,T15,G 1417 ME,,2018-11-21 10:26:24.753,99mis,NULL,NULL,,,,3D1515,1
108,Z3D011,T15,G 1431 WE,,2018-11-21 10:26:47.677,99mis,NULL,NULL,,,,3D1515,1
109,Z3D011,T15,G 1432 WE,,2018-11-21 10:27:09.473,99mis,NULL,NULL,,,,3D1515,1
110,Z3D005,T15,G 1750 DE,,2018-11-21 10:27:33.303,99mis,NULL,NULL,,,,3D1515,1
111,Z3D005,T15,G 1752 AE,,2018-11-21 10:28:01.690,99mis,NULL,NULL,,,,3D1515,1
112,Z3D011,T15,G 1754 AE,,2018-11-21 10:28:23.097,99mis,NULL,NULL,,,,3D1515,1
113,Z3D011,T15,G 1765 NE,,2018-11-21 10:28:44.800,99mis,NULL,NULL,,,,3D1515,1
114,Z3D005,T15,G 1770 BE,,2018-11-21 10:29:05.817,99mis,NULL,NULL,,,,3D1515,1
115,Z3D011,T15,G 1776 E,,2018-11-21 10:29:31.350,99mis,NULL,NULL,,,,3D1515,1
116,Z3D011,T15,G 1846 BE,,2018-11-21 10:29:56.990,99mis,NULL,NULL,,,,3D1515,1
117,Z3D011,T15,G 1850 BE,,2018-11-21 10:30:17.663,99mis,NULL,NULL,,,,3D1515,1
118,Z3D005,T15,G 1864 EE,,2018-11-21 10:30:38.523,99mis,NULL,NULL,,,,3D1515,1
119,Z3D011,T15,G 1865 EE,,2018-11-21 10:31:03.773,99mis,NULL,NULL,,,,3D1515,1
120,Z3D005,T15,G 1866 EE,,2018-11-21 10:31:28.523,99mis,NULL,NULL,,,,3D1515,1
121,Z3D005,T15,G 1867 EE,,2018-11-21 10:31:52.023,99mis,NULL,NULL,,,,3D1515,1
122,Z3D011,T15,G 1868 EE,,2018-11-21 10:32:16.730,99mis,NULL,NULL,,,,3D1515,1
123,Z3D005,T15,G 1877 EE,,2018-11-21 10:32:36.683,99mis,NULL,NULL,,,,3D1515,1
124,Z3D011,T15,G 1879 EE,,2018-11-21 10:33:10.560,99mis,NULL,NULL,,,,3D1515,1
125,Z3D005,T15,G 1880 EE,,2018-11-21 10:33:34.137,99mis,NULL,NULL,,,,3D1515,1
126,Z3D005,T15,G 1882 EE,,2018-11-21 10:34:02.137,99mis,NULL,NULL,,,,3D1515,1
127,Z3D005,T15,G 1883 EE,,2018-11-21 10:34:25.497,99mis,NULL,NULL,,,,3D1515,1
128,Z3D005,T15,G 1885 EE,,2018-11-21 10:34:57.030,99mis,NULL,NULL,,,,3D1515,1
129,Z3D005,T15,G 1887 AE,,2018-11-21 10:35:16.217,99mis,NULL,NULL,,,,3D1515,1
130,Z3D011,T15,G 1925 AE,,2018-11-21 10:35:40.343,99mis,NULL,NULL,,,,3D1515,1
131,Z3D011,T15,G 1926 AE,,2018-11-21 10:36:06.390,99mis,NULL,NULL,,,,3D1515,1
132,Z3D011,T15,G 1942 KE,,2018-11-21 10:36:27.140,99mis,NULL,NULL,,,,3D1515,1
133,Z3D003,T15,H 1322 MY,,2018-11-21 10:37:02.267,99mis,NULL,NULL,,,,3D1515,1
134,Z3D003,T15,H 1323 MY,,2018-11-21 10:37:25.690,99mis,NULL,NULL,,,,3D1515,1
135,Z3D005,T15,H 1419 AF,,2018-11-21 10:37:49.910,99mis,NULL,NULL,,,,3D1515,1
136,Z3D011,T15,H 1420 AF,,2018-11-21 10:38:14.227,99mis,NULL,NULL,,,,3D1515,1
137,Z3D011,T15,H 1421 FA,,2018-11-21 10:38:40.477,99mis,2018-11-21 10:38:58.273,99mis,,,,3D1515,1
138,Z3D011,T15,H 1422 AE,,2018-11-21 10:39:23.150,99mis,NULL,NULL,,,,3D1515,1
139,Z3D011,T15,H 1422 FA,,2018-11-21 10:39:46.330,99mis,NULL,NULL,,,,3D1515,1
140,Z3D003,T15,H 1423 FF,,2018-11-21 10:40:40.443,99mis,NULL,NULL,,,,3D1515,1
141,Z3D005,T15,H 1427 AF,,2018-11-21 10:41:08.770,99mis,NULL,NULL,,,,3D1515,1
142,Z3D011,T15,H 1437 AF,,2018-11-21 10:41:31.940,99mis,NULL,NULL,,,,3D1515,1
143,Z3D003,T15,H 1456 AF,,2018-11-21 10:41:54.037,99mis,NULL,NULL,,,,3D1515,1
144,Z3D005,T15,H 1519 AF,,2018-11-21 10:42:13.520,99mis,NULL,NULL,,,,3D1515,1
145,Z3D005,T15,H 1520 AF,,2018-11-21 10:42:34.690,99mis,NULL,NULL,,,,3D1515,1
146,Z3D011,T15,H 1521 AF,,2018-11-21 10:42:55.647,99mis,NULL,NULL,,,,3D1515,1
147,Z3D011,T15,H 1554 EA,,2018-11-21 10:43:21.880,99mis,NULL,NULL,,,,3D1515,1
148,Z3D005,T15,H 1625 EA,,2018-11-21 10:43:41.397,99mis,NULL,NULL,,,,3D1515,1
149,Z3D011,T15,H 1650 EA,,2018-11-21 10:43:58.737,99mis,NULL,NULL,,,,3D1515,1
150,Z3D011,T15,H 1680 BP,,2018-11-21 10:44:16.673,99mis,NULL,NULL,,,,3D1515,1
151,Z3D011,T15,H 1681 BP,,2018-11-21 10:44:42.970,99mis,NULL,NULL,,,,3D1515,1
152,Z3D005,T15,H 1685 EA,,2018-11-21 10:45:09.580,99mis,NULL,NULL,,,,3D1515,1
153,Z3D005,T15,H 1686 EA,,2018-11-21 10:45:28.050,99mis,NULL,NULL,,,,3D1515,1
154,Z3D011,T15,H 1688 BP,,2018-11-21 10:45:46.470,99mis,NULL,NULL,,,,3D1515,1
155,Z3D005,T15,H 1701 BP,,2018-11-21 10:46:10.817,99mis,NULL,NULL,,,,3D1515,1
156,Z3D005,T15,H 1703 BP,,2018-11-21 10:46:37.783,99mis,NULL,NULL,,,,3D1515,1
157,Z3D011,T15,H 1714 BP,,2018-11-21 10:47:00.347,99mis,NULL,NULL,,,,3D1515,1
158,Z3D011,T15,H 1715 BP,,2018-11-21 10:47:28.787,99mis,NULL,NULL,,,,3D1515,1
159,Z3D001,T15,H 1729 UQ,,2018-11-21 10:47:52.300,99mis,NULL,NULL,,,,3D1515,1
160,Z3D005,T15,H 1739 EA,,2018-11-21 10:48:13.893,99mis,NULL,NULL,,,,3D1515,1
161,Z3D011,T15,H 1771 EH,,2018-11-21 10:48:36.910,99mis,NULL,NULL,,,,3D1515,1
162,Z3D011,T15,H 1779 AA,,2018-11-21 10:49:04.350,99mis,NULL,NULL,,,,3D1515,1
163,Z3D002,T15,H 1805 BA,,2018-11-21 10:49:27.850,99mis,NULL,NULL,,,,3D1515,1
164,Z3D011,T15,H 1807 AA,,2018-11-21 10:49:48.303,99mis,NULL,NULL,,,,3D1515,1
165,Z3D011,T15,H 1815 FH,,2018-11-21 10:50:08.820,99mis,NULL,NULL,,,,3D1515,1
166,Z3D011,T15,H 1817 AS,,2018-11-21 10:50:49.587,99mis,2018-11-21 10:51:05.947,99mis,,,,3D1515,1
167,Z3D002,T15,H 1820 BA,,2018-11-21 10:51:23.197,99mis,NULL,NULL,,,,3D1515,1
168,Z3D002,T15,H 1825 BA,,2018-11-21 10:51:42.773,99mis,NULL,NULL,,,,3D1515,1
169,Z3D011,T15,H 1826 AF,,2018-11-21 10:52:09.023,99mis,NULL,NULL,,,,3D1515,1
170,Z3D011,T15,H 1827 GH,,2018-11-21 10:52:34.510,99mis,NULL,NULL,,,,3D1515,1
171,Z3D011,T15,H 1837 AA,,2018-11-21 10:52:53.853,99mis,NULL,NULL,,,,3D1515,1
172,Z3D011,T15,H 1840 BP,,2018-11-21 10:53:44.480,99mis,NULL,NULL,,,,3D1515,1
173,Z3D011,T15,H 1853 DA,,2018-11-21 10:54:07.463,99mis,NULL,NULL,,,,3D1515,1
174,Z3D011,T15,H 1855 EA,,2018-11-21 10:54:27.433,99mis,NULL,NULL,,,,3D1515,1
175,Z3D011,T15,H 1865 EA,,2018-11-21 10:55:13.590,99mis,NULL,NULL,,,,3D1515,1
176,Z3D011,T15,H 1883 BP,,2018-11-21 10:55:42.467,99mis,NULL,NULL,,,,3D1515,1
177,Z3D001,T15,H 1887 FF,,2018-11-21 10:56:02.717,99mis,NULL,NULL,,,,3D1515,1
178,Z3D011,T15,H 1900 EH,,2018-11-21 10:56:26.373,99mis,NULL,NULL,,,,3D1515,1
179,Z3D011,T15,H 1917 ES,,2018-11-21 10:56:45.107,99mis,NULL,NULL,,,,3D1515,1
180,Z3D011,T15,H 1920 EA,,2018-11-21 10:57:04.547,99mis,NULL,NULL,,,,3D1515,1
181,Z3D011,T15,H 1925 EA,,2018-11-21 10:57:30.640,99mis,NULL,NULL,,,,3D1515,1
182,Z3D011,T15,H 1933 DJ,,2018-11-21 10:57:51.983,99mis,NULL,NULL,,,,3D1515,1
183,Z3D011,T15,H 1939 FA,,2018-11-21 10:58:09.810,99mis,NULL,NULL,,,,3D1515,1
184,Z3D011,T15,H 1944 DJ,,2018-11-21 10:58:30.623,99mis,NULL,NULL,,,,3D1515,1
185,Z3D011,T15,H 1950 CA,,2018-11-21 10:58:49.810,99mis,NULL,NULL,,,,3D1515,1
186,Z3D003,T15,H 1956 AA,,2018-11-21 10:59:08.997,99mis,NULL,NULL,,,,3D1515,1
187,Z3D011,T15,H 1961 FA,,2018-11-21 10:59:33.217,99mis,NULL,NULL,,,,3D1515,1
188,Z3D011,T15,H 1963 EH,,2018-11-21 11:00:04.357,99mis,NULL,NULL,,,,3D1515,1
189,Z3D011,T15,H 1976 BH,,2018-11-21 11:00:24.980,99mis,NULL,NULL,,,,3D1515,1
190,Z3D011,T15,H 1985 FA,,2018-11-21 11:00:45.077,99mis,NULL,NULL,,,,3D1515,1
191,Z3D011,T15,H 1985 FF,,2018-11-21 11:01:10.560,99mis,NULL,NULL,,,,3D1515,1
192,Z3D011,T15,H 1986 GH,,2018-11-21 11:01:35.310,99mis,NULL,NULL,,,,3D1515,1
193,Z3D011,T15,H 1991 EF,,2018-11-21 11:01:54.420,99mis,NULL,NULL,,,,3D1515,1
194,Z3D011,T15,H 1995 BH,,2018-11-21 11:02:24.153,99mis,NULL,NULL,,,,3D1515,1
196,Z3D026,M24,B 9515 KXS,,2018-11-21 13:24:03.070,99mis,NULL,NULL,,,,3D2424,1
197,Z3D026,M24,B 9522 KXS,,2018-11-21 13:24:30.163,99mis,NULL,NULL,,,,3D2424,1
199,Z3D003,M24,B 9804 KYW,,2018-11-21 13:25:41.917,99mis,2019-08-21 10:37:01.067,24wmsadm1,,,,3D2424,1
200,Z3D026,M24,B 9517 KXS,,2018-11-21 13:26:13.170,99mis,2019-08-21 10:37:29.257,24wmsadm1,,,,3D2424,1
201,Z3D026,M24,B 9519 KXS,,2018-11-21 13:26:41.313,99mis,2019-08-21 10:37:46.600,24wmsadm1,,,,3D2424,1
202,Z3D003,M24,B 9805 KYW,,2018-11-21 13:27:04.017,99mis,2019-08-21 10:38:01.740,24wmsadm1,,,,3D2424,1
203,Z3D003,M24,B 9806 KYW,,2018-11-21 13:27:28.033,99mis,2019-08-21 10:38:24.570,24wmsadm1,,,,3D2424,1
204,Z3D002,M24,BA 8937 AC,,2018-11-21 13:27:49.130,99mis,2019-08-21 10:38:39.413,24wmsadm1,,,,3D2424,1
207,Z3D003,D20,DK 9399 SF,,2018-12-04 15:33:24.973,20wmsadm1,NULL,NULL,,,,,1
208,Z3D003,D20,DK 8474 KB,,2018-12-04 15:34:32.273,20wmsadm1,NULL,NULL,,,,,1
209,Z3D001,S16,AB 8409 BU,,2018-12-11 16:08:42.697,16wmsadm1,NULL,NULL,,,,3D1616,1
210,Z3D003,D20,DK 9370 SF,,2018-12-14 09:41:42.630,20wmsadm1,NULL,NULL,,,,,1
211,Z3D003,D20,DK 9572 S0,,2018-12-14 09:42:50.917,20wmsadm1,NULL,NULL,,,,,1
212,Z3D003,D20,DK 9432 SE,,2018-12-14 09:43:17.697,20wmsadm1,NULL,NULL,,,,,1
213,Z3D003,D20,DK 9355 SF,,2018-12-14 09:43:48.193,20wmsadm1,NULL,NULL,,,,,1
214,Z3D003,D20,DK 8521 SA,,2018-12-14 09:44:18.820,20wmsadm1,NULL,NULL,,,,,1
215,Z3D003,D20,DR 8632 OZ,,2018-12-14 09:44:47.473,20wmsadm1,NULL,NULL,,,,,1
216,Z3D003,D20,DK 9490 SK,,2018-12-14 09:45:10.937,20wmsadm1,NULL,NULL,,,,,1
217,Z3D003,D20,DK 8016 J,,2018-12-14 09:45:56.973,20wmsadm1,NULL,NULL,,,,,1
218,Z3D003,D20,DK 8017 J,,2018-12-14 09:46:17.857,20wmsadm1,NULL,NULL,,,,,1
219,Z3D003,D20,DK 8375 EM,,2018-12-14 09:46:44.720,20wmsadm1,NULL,NULL,,,,,1
220,Z3D003,D20,DK 9510 AQ,,2018-12-14 10:54:48.600,20wmsadm1,NULL,NULL,,,,,1
221,Z3D003,D20,DK 8766 C,,2018-12-14 10:55:03.240,20wmsadm1,NULL,NULL,,,,,1
222,Z3D003,D20,DK 9333 AZ,,2018-12-14 10:55:15.757,20wmsadm1,NULL,NULL,,,,,1
223,Z3D003,D20,DK 8441 AC,,2018-12-14 10:55:27.170,20wmsadm1,NULL,NULL,,,,,1
224,Z3D003,D20,DK 9547 AX,,2018-12-14 10:55:41.217,20wmsadm1,NULL,NULL,,,,,1
225,Z3D003,D20,DK 9517 AU,,2018-12-14 10:56:07.113,20wmsadm1,NULL,NULL,,,,,1
226,Z3D003,D20,DK 8694 AX,,2018-12-14 10:56:36.053,20wmsadm1,NULL,NULL,,,,,1
227,Z3D003,D20,DK 8688 AX,,2018-12-14 10:56:47.750,20wmsadm1,NULL,NULL,,,,,1
228,Z3D003,D20,DK 8684 AX,,2018-12-14 10:57:00.900,20wmsadm1,NULL,NULL,,,,,1
229,Z3D003,D20,DK 8768 QR,,2018-12-14 10:57:11.990,20wmsadm1,NULL,NULL,,,,,1
230,Z3D003,D20,DK 8755 QR,,2018-12-14 10:57:24.620,20wmsadm1,NULL,NULL,,,,,1
231,Z3D003,D20,DK 9547 AM,,2018-12-14 10:57:35.763,20wmsadm1,NULL,NULL,,,,,1
232,Z3D003,D20,DK 9491 AX,,2018-12-14 10:57:47.147,20wmsadm1,NULL,NULL,,,,,1
233,Z3D003,D20,DK 9539 KQ,,2018-12-14 10:57:58.587,20wmsadm1,NULL,NULL,,,,,1
234,Z3D003,D20,DK 9556 KP,,2018-12-14 10:58:09.153,20wmsadm1,NULL,NULL,,,,,1
235,Z3D003,D20,DK 9438 SE,,2018-12-14 10:58:21.367,20wmsadm1,NULL,NULL,,,,,1
236,Z3D003,D20,DK 9309 SF,,2018-12-14 10:58:36.290,20wmsadm1,NULL,NULL,,,,,1
237,Z3D003,D20,DK 8909 SW,,2018-12-14 10:58:53.363,20wmsadm1,NULL,NULL,,,,,1
238,Z3D003,D20,DK 9563 SH,,2018-12-14 10:59:08.010,20wmsadm1,NULL,NULL,,,,,1
240,Z3D001,S16,AD 1727 CU,,2019-01-03 10:13:51.943,16wmsadm1,NULL,NULL,,,,3D1616,1
242,Z3D027,S18,AG 9016 AA,,2019-01-04 10:32:29.927,SYSTEM,NULL,,,,,,1
243,Z3D003,S18,B 9912 HX,,2019-01-04 10:32:30.037,SYSTEM,NULL,,,,,,1
244,Z3D002,S18,B 9874 BDH,,2019-01-04 10:32:30.113,SYSTEM,NULL,,,,,,1
245,Z3D003,S18,B 9742 NDC,,2019-01-04 10:32:30.177,SYSTEM,2019-04-16 09:15:26.983,18wmsadm1,,,,,1
246,Z3D013,S18,B 9771 TYU,,2019-01-04 10:32:30.240,SYSTEM,NULL,,,,,,1
247,Z3D003,S18,B 9164 QU,,2019-01-04 10:32:30.300,SYSTEM,2019-04-16 09:14:53.673,18wmsadm1,,,,,1
248,Z3D003,S18,L 9053 GI,,2019-01-04 10:32:30.363,SYSTEM,NULL,,,,,,1
254,Z3D001,T23,B 9574 UAN,,2019-01-04 10:32:30.753,SYSTEM,NULL,,,,,,1
255,Z3D001,T23,B 9575 UAN,,2019-01-04 10:32:30.817,SYSTEM,NULL,,,,,,1
256,Z3D002,T23,B 9299 UIU,,2019-01-04 10:32:30.880,SYSTEM,NULL,,,,,,1
257,Z3D002,T23,B 9301 UIU,,2019-01-04 10:32:30.957,SYSTEM,NULL,,,,,,1
258,Z3D002,T23,B 9772 UIT,,2019-01-04 10:32:31.020,SYSTEM,2019-03-15 16:38:12.897,23wmsadm1,,,,,1
259,Z3D026,T23,B 9870 UXT,,2019-01-04 10:32:31.080,SYSTEM,NULL,,,,,,1
260,Z3D026,T23,B 9871 UXT,,2019-01-04 10:32:31.143,SYSTEM,NULL,,,,,,1
261,Z3D026,T23,B 9872 UXT,,2019-01-04 10:32:31.190,SYSTEM,NULL,,,,,,1
262,Z3D026,T23,B 9873 UXT,,2019-01-04 10:32:31.253,SYSTEM,NULL,,,,,,1
263,Z3D026,T23,B 9874 UXT,,2019-01-04 10:32:31.317,SYSTEM,NULL,,,,,,1
264,Z3D026,T23,B 9875 UXT,,2019-01-04 10:32:31.393,SYSTEM,NULL,,,,,,1
265,Z3D026,T23,B 9876 UXT,,2019-01-04 10:32:31.457,SYSTEM,NULL,,,,,,1
266,Z3D026,T23,"B 9877 UXT ",,2019-01-04 10:32:31.520,SYSTEM,NULL,,,,,,1
267,Z3D026,T23,B 9878 UXT,,2019-01-04 10:32:31.580,SYSTEM,NULL,,,,,,1
268,Z3D009,T23,B 9488 UEK,,2019-01-04 10:32:31.643,SYSTEM,NULL,,,,,,1
269,Z3D009,T23,B 9492 UEK,,2019-01-04 10:32:31.707,SYSTEM,NULL,,,,,,1
270,Z3D015,T23,B 9065 UVX,,2019-01-04 10:32:31.770,SYSTEM,NULL,,,,,,1
271,Z3D015,T23,B 9186 UVX,,2019-01-04 10:32:31.830,SYSTEM,NULL,,,,,,1
272,Z3D015,T23,B 9185 UVX,,2019-01-04 10:32:31.893,SYSTEM,NULL,,,,,,1
273,Z3D015,T23,B 9983 UIU,,2019-01-04 10:32:31.957,SYSTEM,NULL,,,,,,1
274,Z3D015,T23,B 9960 UIU,,2019-01-04 10:32:32.020,SYSTEM,NULL,,,,,,1
275,Z3D015,T23,B 9981 UIU,,2019-01-04 10:32:32.083,SYSTEM,NULL,,,,,,1
276,Z3D001,W22,B 9682 UAJ,,2019-01-04 10:32:32.160,SYSTEM,NULL,,,,,,1
277,Z3D003,W22,B 9244 UIS,,2019-01-04 10:32:32.223,SYSTEM,NULL,,,,,,1
278,Z3D003,W22,B 9336 UYY,,2019-01-04 10:32:32.287,SYSTEM,NULL,,,,,,1
279,Z3D003,W22,B 9360 UYX,,2019-01-04 10:32:32.347,SYSTEM,NULL,,,,,,1
280,Z3D003,W22,B 9557 SYL,,2019-01-04 10:32:32.410,SYSTEM,NULL,,,,,,1
281,Z3D003,W22,B 9121 UDB,,2019-01-04 10:32:32.473,SYSTEM,NULL,,,,,,1
282,Z3D003,W22,B 9937 UYY,,2019-01-04 10:32:32.550,SYSTEM,NULL,,,,,,1
283,Z3D003,W22,B 9093 UYU,,2019-01-04 10:32:32.613,SYSTEM,NULL,,,,,,1
284,Z3D003,W22,B 9436 JM,,2019-01-04 10:32:32.770,SYSTEM,NULL,,,,,,1
285,Z3D003,W22,B 9409 SYL,,2019-01-04 10:32:32.833,SYSTEM,NULL,,,,,,1
286,Z3D003,W22,B 9241 UIS,,2019-01-04 10:32:32.893,SYSTEM,NULL,,,,,,1
287,Z3D004,W22,B 9404 UIT,,2019-01-04 10:32:32.957,SYSTEM,NULL,,,,,,1
288,Z3D004,W22,B 9338 UIT,,2019-01-04 10:32:33.037,SYSTEM,NULL,,,,,,1
289,Z3D004,W22,DA 8656 TAH,,2019-01-04 10:32:33.097,SYSTEM,NULL,,,,,,1
290,Z3D001,K21,KT 8030 MU,,2019-01-04 10:32:33.160,SYSTEM,2019-10-15 09:56:16.357,21wmsadm1,,,,,1
291,Z3D001,K21,KT 8023 MU,,2019-01-04 10:32:33.223,SYSTEM,2019-10-15 09:55:43.940,21wmsadm1,,,,,1
292,Z3D003,K21,KT 8731 AO,,2019-01-04 10:32:33.287,SYSTEM,NULL,,,,,,1
296,Z3D003,K21,KT 8513 NU,,2019-01-04 10:32:37.870,SYSTEM,2019-08-08 11:17:58.647,21wmsadm1,,,,,1
298,Z3D003,K21,KT 8775 AP,,2019-01-04 10:32:38.573,SYSTEM,NULL,,,,,,1
299,Z3D003,K21,KT 8741 BC,,2019-01-04 10:32:38.637,SYSTEM,NULL,,,,,,1
300,Z3D003,K21,KT 8924 AE,,2019-01-04 10:32:38.713,SYSTEM,NULL,,,,,,1
302,Z3D003,A28,DD 8839 RS,,2019-01-04 10:32:38.840,SYSTEM,2019-03-22 09:03:27.507,28wmsadm1,,,,3D2828,1
303,Z3D003,A28,DD 8592 RI,,2019-01-04 10:32:38.920,SYSTEM,2019-03-22 09:02:11.007,28wmsadm1,,,,3D2828,1
304,Z3D003,A28,DD 8045 RQ,,2019-01-04 10:32:38.980,SYSTEM,2019-03-22 09:01:55.727,28wmsadm1,,,,3D2828,1
305,Z3D003,A28,DD 8600 KJ,,2019-01-04 10:32:39.043,SYSTEM,2019-03-22 09:02:35.980,28wmsadm1,,,,3D2828,1
306,Z3D002,A28,DD 8927 RU,,2019-01-04 10:32:39.107,SYSTEM,2019-03-22 09:06:04.387,28wmsadm1,,,,3D2828,1
307,Z3D002,A28,DD 8841 RS,,2019-01-04 10:32:39.170,SYSTEM,2019-03-22 09:03:56.837,28wmsadm1,,,,3D2828,1
308,Z3D002,A28,DD 8842 RS,,2019-01-04 10:32:39.230,SYSTEM,2019-03-22 09:04:14.887,28wmsadm1,,,,3D2828,1
309,Z3D002,A28,DD 8829 RQ,,2019-01-04 10:32:39.293,SYSTEM,2019-03-22 09:03:03.377,28wmsadm1,,,,3D2828,1
310,Z3D003,S27,B 9040 BXT,,2019-01-04 10:32:39.340,SYSTEM,2019-03-19 09:33:20.720,27wmsadm1,,,,,1
311,Z3D001,S27,BK 8245 CW,,2019-01-04 10:32:39.403,SYSTEM,2019-03-20 10:20:10.263,27wmsadm1,,,,,1
312,Z3D002,S27,BL 8389 AN,,2019-01-04 10:32:39.450,SYSTEM,2019-03-18 14:40:37.340,27wmsadm1,,,,,1
313,Z3D003,S27,B 9041 BXT,,2019-01-04 10:32:39.510,SYSTEM,2019-03-19 09:34:08.270,27wmsadm1,,,,,1
314,Z3D002,S27,BL 8387 AN,,2019-01-04 10:32:39.573,SYSTEM,2019-03-20 11:00:41.060,27wmsadm1,,,,,1
315,Z3D003,S27,B 9043 BXT,,2019-01-04 10:32:39.637,SYSTEM,2019-03-19 09:03:05.030,27wmsadm1,,,,,1
316,Z3D002,S27,BK 9658 CP,,2019-01-04 10:32:39.700,SYSTEM,2019-04-12 10:32:26.837,27WMSADM1,,,,,1
317,Z3D002,S27,BK 9670 CP,,2019-01-04 10:32:39.777,SYSTEM,2019-03-20 11:00:59.157,27wmsadm1,,,,,1
318,Z3D026,S27,BK 9671 CP,,2019-01-04 10:32:39.840,SYSTEM,2019-03-19 13:06:01.877,27wmsadm1,,,,3D2727,1
319,Z3D003,S27,B 9042 BXT,,2019-01-04 10:32:39.903,SYSTEM,2019-03-19 09:27:09.947,27wmsadm1,,,,,1
320,Z3D003,R27,BL 8696 AO,,2019-01-04 10:32:39.967,SYSTEM,NULL,,,,,,1
321,Z3D003,R27,BL 8698 AC,,2019-01-04 10:32:40.027,SYSTEM,NULL,,,,,,1
322,Z3D003,R27,BL 8736 AC,,2019-01-04 10:32:40.090,SYSTEM,NULL,,,,,,1
323,Z3D003,R27,BL 8799 AC,,2019-01-04 10:32:40.153,SYSTEM,NULL,,,,,,1
324,Z3D003,R27,BK 8523 CV,,2019-01-04 10:32:40.230,SYSTEM,NULL,,,,,,1
325,Z3D003,R27,BL 8605 AO,,2019-01-04 10:32:40.293,SYSTEM,NULL,,,,,,1
326,Z3D012,R27,BK 9446 CY,,2019-01-04 10:32:40.357,SYSTEM,2019-04-25 16:09:30.550,27wmsadm1,,,,,1
327,Z3D003,R27,BK 8719 AC,,2019-01-04 10:32:40.403,SYSTEM,NULL,,,,,,1
328,Z3D015,R27,BK 9093 DC,,2019-01-04 10:32:40.483,SYSTEM,2019-04-25 16:04:42.223,27wmsadm1,,,,,1
329,Z3D002,M27,BK 9292 CV,,2019-01-04 10:32:40.543,SYSTEM,2019-05-16 15:17:13.593,27wmsadm1,,,,,1
330,Z3D002,M27,BK 9626 CQ,,2019-01-04 10:32:40.607,SYSTEM,2019-05-16 15:17:52.233,27wmsadm1,,,,,1
331,Z3D002,M27,BK9627 CQ,,2019-01-04 10:32:40.670,SYSTEM,2019-05-16 15:19:29.317,27wmsadm1,,,,,1
332,Z3D016,M27,BK 8692 DB,,2019-01-04 10:32:40.733,SYSTEM,2019-06-21 14:00:30.890,27WMSADM1,,,,,1
333,Z3D003,Y30,B 9370 UIT,,2019-01-04 10:32:40.793,SYSTEM,NULL,,,,,,1
334,Z3D003,Y30,B 9371 UIT,,2019-01-04 10:32:40.873,SYSTEM,NULL,,,,,,1
335,Z3D004,Y30,B 9372 UIT,,2019-01-04 10:32:40.937,SYSTEM,NULL,,,,,,1
336,Z3D003,Y30,B 9373 UIT,,2019-01-04 10:32:41.000,SYSTEM,NULL,,,,,,1
337,Z3D003,Y30,B 9374 UIT,,2019-01-04 10:32:41.060,SYSTEM,NULL,,,,,,1
338,Z3D002,Y30,B 9390 UIT,,2019-01-04 10:32:41.140,SYSTEM,NULL,,,,,,1
339,Z3D002,Y30,B 9391 UIT,,2019-01-04 10:32:41.200,SYSTEM,NULL,,,,,,1
340,Z3D026,Y30,B 9676 UXT,,2019-01-04 10:32:41.263,SYSTEM,NULL,,,,,,1
341,Z3D001,Y30,B 9139 UVT,,2019-01-04 10:32:41.327,SYSTEM,NULL,,,,,,1
342,Z3D001,Y30,B 9140 UVT,,2019-01-04 10:32:41.390,SYSTEM,NULL,,,,,,1
343,Z3D002,S33,BH 8507 MV,,2019-01-04 10:32:41.450,SYSTEM,2019-03-18 16:29:03.873,33wmsadm1,,,,,1
344,Z3D002,S33,BH 8508 MV,,2019-01-04 10:32:41.530,SYSTEM,2019-03-18 16:31:30.260,33wmsadm1,,,,,1
345,Z3D001,S33,BH 8995 MM,,2019-01-04 10:32:41.590,SYSTEM,2019-03-18 16:31:44.310,33wmsadm1,,,,,1
346,Z3D001,S33,BH 8996 MM,,2019-01-04 10:32:41.653,SYSTEM,2019-03-18 16:31:53.107,33wmsadm1,,,,,1
347,Z3D001,S33,BH 8997 MM,,2019-01-04 10:32:41.717,SYSTEM,2019-03-18 16:32:24.470,33wmsadm1,,,,,1
348,Z3D002,S33,NEW TRUCK,,2019-01-04 10:32:41.780,SYSTEM,2019-03-18 16:32:33.877,33wmsadm1,,,,,1
459,Z3D003,M16,H 1694 CS,,2019-01-07 13:14:39.507,16wmsadm1,NULL,NULL,,,,3D1515,1
460,Z3D001,P20,DK 8045 AN,,2019-01-11 09:49:53.480,20wmsadm1,NULL,NULL,,,,3D2020,1
463,Z3D016,P16,BE 9878 BE,,2019-02-28 14:06:41.907,16wmsadm1,NULL,NULL,,,,3D1616,1
464,Z3D016,P16,BE 4992 GA,,2019-02-28 14:07:26.860,16wmsadm1,NULL,NULL,,,,3D1616,1
465,Z3D001,S39,W 9387 NB,,2019-03-14 16:04:06.647,39wmsadm1,2019-03-14 16:05:44.950,39wmsadm1,,,,3D3939,1
466,Z3D003,S39,B 9290 EH,,2019-03-14 16:05:09.040,39wmsadm1,2019-03-14 16:08:12.907,39wmsadm1,,,,,1
467,Z3D003,S39,B 9846 IJ,,2019-03-14 16:06:38.630,39wmsadm1,2019-03-14 16:07:42.217,39wmsadm1,,,,,1
468,Z3D003,S39,B 9551 PDE,,2019-03-14 16:07:25.487,39wmsadm1,NULL,NULL,,,,,1
470,Z3D002,S29,BE 9877 CS,,2019-03-16 00:00:00.000,mis5,NULL,,,,,,1
471,Z3D002,S29,BE 9131 CV ,,2019-03-16 00:00:00.000,mis5,NULL,,,,,,1
473,Z3D002,S29,BE 9545 CU ,,2019-03-16 00:00:00.000,mis5,NULL,,,,,,1
474,Z3D001,S29,BE 8226 AE,,2019-03-16 00:00:00.000,mis5,2019-03-18 16:20:50.263,29wmsadm1,,,,,1
475,Z3D002,S29,BE 9154 CV ,,2019-03-16 00:00:00.000,mis5,NULL,,,,,,1
476,Z3D002,S29,BE 9861 CU ,,2019-03-16 00:00:00.000,mis5,NULL,,,,,,1
477,Z3D002,S29,BE 9816 CU,,2019-03-16 00:00:00.000,mis5,NULL,,,,,,1
478,Z3D002,S29,BE 9843 CU ,,2019-03-16 00:00:00.000,mis5,NULL,,,,,,1
479,Z3D001,S29,BE 8221 AE,,2019-03-16 00:00:00.000,mis5,2019-03-18 16:20:32.187,29wmsadm1,,,,,1
480,Z3D002,S29,BE 9383CU ,,2019-03-16 00:00:00.000,mis5,NULL,,,,,,1
509,Z3D026,S38,B 9205 NCE,,2019-03-18 10:03:20.057,38wmsadm1,NULL,NULL,,,,,1
510,Z3D002,S38,B 9977 NDC,,2019-03-18 10:11:04.827,38wmsadm1,NULL,NULL,,,,,1
511,Z3D003,S38,B 9868 PCK,,2019-03-18 10:13:45.937,38wmsadm1,NULL,NULL,,,,,1
512,Z3D003,K21,KT 8627 NK,,2019-03-18 11:08:47.330,21wmsadm1,NULL,NULL,,,,,1
515,Z3D003,K21,KT 8962 MU,,2019-03-18 11:09:44.450,21wmsadm1,NULL,NULL,,,,,1
532,Z3D003,K21,KT 8740 MN,,2019-03-18 14:38:12.603,21wmsadm1,NULL,NULL,,,,,1
533,Z3D003,K21,KT 8779 RS,,2019-03-18 14:38:51.673,21wmsadm1,NULL,NULL,,,,,1
534,Z3D002,S29,BE 9879 CS,,2019-03-18 16:21:52.973,29wmsadm1,2019-03-19 11:08:17.820,29wmsadm1,,,,,1
535,Z3D003,R27,BK 8759 CU,,2019-03-18 16:32:08.140,27wmsadm1,NULL,NULL,,,,3D2727,1
536,Z3D001,P20,DK 8305 BA,,2019-03-19 08:55:12.620,20wmsadm1,NULL,NULL,,,,,1
537,Z3D001,A28,DD 8895 RF,,2019-03-19 09:37:19.723,28wmsadm1,2019-03-22 09:04:46.590,28wmsadm1,,,,3D2828,1
548,Z3D001,S25,BM 8117 TY,,2019-03-19 10:28:05.213,25wmsadm1,NULL,NULL,,,PEKANBARU,3D2525,1
549,Z3D001,S25,BM 8116 TY,,2019-03-19 10:28:30.747,25wmsadm1,NULL,NULL,,,PEKANBARU,3D2525,1
550,Z3D006,A28,DD 9777 NR,,2019-03-19 13:17:33.537,28wmsadm1,2019-03-22 09:05:49.257,28wmsadm1,,,,3D2828,1
551,Z3D006,P27,BK 8897 EC,,2019-03-19 17:21:58.490,27wmsadm1,NULL,NULL,,,,3D2727,1
552,Z3D013,R27,BK 9428 DA,,2019-03-20 11:03:54.067,27wmsadm1,2019-04-25 16:07:53.810,27wmsadm1,,,,3D2727,1
553,Z3D003,R27,BK 8487 CB,,2019-03-20 11:04:35.190,27wmsadm1,NULL,NULL,,,,3D2727,1
554,Z3D003,R27,BL 8757 AO,,2019-03-20 11:05:16.627,27wmsadm1,NULL,NULL,,,,3D2727,1
555,Z3D003,R27,BL 8603 AL,,2019-03-20 11:09:04.057,27wmsadm1,NULL,NULL,,,,3D2727,1
556,Z3D001,127,BK 9655 EG,,2019-03-20 13:54:44.347,27wmsadm1,NULL,NULL,,,,3D2727,1
557,Z3D001,227,BK 8278 VP,,2019-03-20 13:55:11.420,27wmsadm1,NULL,NULL,,,,3D2727,1
558,Z3D007,A28,DD 8914 VW,,2019-03-20 15:07:08.550,28wmsadm1,2019-03-22 09:05:36.237,28wmsadm1,,,,3D2828,1
560,Z3D002,S25,BM 8394 ZU,,2019-03-20 17:36:12.263,25wmsadm1,NULL,NULL,,,25WMSADM1,3D2525,1
561,Z3D002,S25,BM 8377 ZU,,2019-03-20 17:57:09.520,25wmsadm1,NULL,NULL,,,25WMSADM1,3D2525,1
563,Z3D002,S25,BM 8398 ZU,,2019-03-21 09:54:23.333,25wmsadm1,NULL,NULL,,,25WMSADM1,3D2525,1
564,Z3D015,S33,BE 9118 AU,,2019-03-21 15:18:06.277,33wmsadm1,2019-09-13 12:16:21.680,33wmsadm1,,,,,1
565,Z3D006,P27,BK9072BH,,2019-03-21 15:22:00.777,27wmsadm1,NULL,NULL,,,,3D2727,1
566,Z3D006,P27,BK 8810 LK,,2019-03-21 15:22:32.553,27wmsadm1,NULL,NULL,,,,3D2727,1
567,Z3D003,R27,BK 8760 CU,,2019-03-21 15:59:32.070,27wmsadm1,NULL,NULL,,,,3D2727,1
570,Z3D018,S27,B 9218 UVX,,2019-03-22 10:29:00.870,27wmsadm1,NULL,NULL,,,,3D2727,1
571,Z3D002,S33,BH 8060 MW,,2019-03-22 10:38:08.333,33wmsadm1,NULL,NULL,,,,,1
572,Z3D002,S33,BH 8059 MW,,2019-03-22 11:11:26.047,33wmsadm1,NULL,NULL,,,,,1
573,Z3D003,R27,BK 9746 CO,,2019-03-23 15:06:47.570,27wmsadm1,NULL,NULL,,,,3D2727,1
574,Z3D015,S33,BE 8737 BG,,2019-03-25 15:13:31.967,33wmsadm1,2020-05-05 15:14:45.037,33wmsadm1,,,,,1
575,Z3D002,A28,DD1385MJ,,2019-03-25 15:54:21.400,28wmsadm1,NULL,NULL,,,,3D2828,1
576,Z3D015,S33,BM 9112 FU,,2019-03-26 14:32:11.957,33wmsadm1,2020-05-20 15:39:19.740,33wmsadm1,,,,,1
577,Z3D001,A28,DD 8906 BE,,2019-03-27 15:28:52.437,28wmsadm1,NULL,NULL,,,,3D2828,1
578,Z3D006,P27,BK 8785 VL,,2019-03-28 11:21:51.830,27wmsadm1,NULL,NULL,,,,,1
579,Z3D003,R27,BL 8730 AO,,2019-03-29 15:33:29.817,27wmsadm1,NULL,NULL,,,,3D2727,1
580,Z3D003,R27,BL 8655 AO,,2019-03-29 15:58:13.117,27wmsadm1,NULL,NULL,,,,3D2727,1
581,Z3D004,R27,BK 9245 CD,,2019-03-29 16:19:14.207,27wmsadm1,2019-04-24 15:17:35.887,27wmsadm1,,,,3D2727,1
582,Z3D002,S25,BM 8385 ZU,,2019-04-01 08:52:37.507,25wmsadm1,NULL,NULL,,,,3D2525,1
583,Z3D002,S25,BM 8399 ZU,,2019-04-01 08:53:14.390,25wmsadm1,NULL,NULL,,,,3D2525,1
584,Z3D002,S25,BM 8595 ZU,,2019-04-01 08:53:51.513,25wmsadm1,NULL,NULL,,,,3D2525,1
585,Z3D002,S25,BM 8597 ZU,,2019-04-01 08:54:25.867,25wmsadm1,NULL,NULL,,,,3D2525,1
586,Z3D002,S25,BM 8600 ZU,,2019-04-01 08:54:56.427,25wmsadm1,NULL,NULL,,,,3D2525,1
587,Z3D002,S25,BM 8601 ZU,,2019-04-01 08:55:29.207,25wmsadm1,NULL,NULL,,,,3D2525,1
588,Z3D002,S25,BM 8632 ZU,,2019-04-01 08:56:02.960,25wmsadm1,NULL,NULL,,,,3D2525,1
589,Z3D002,S25,BE 9760 CN,,2019-04-01 08:56:39.107,25wmsadm1,NULL,NULL,,,,3D2525,1
590,Z3D003,K21,KT 8670 BK,,2019-04-09 09:20:49.040,21wmsadm1,NULL,NULL,,,,,1
591,Z3D015,S33,BE 9586 AU,,2019-04-10 15:58:27.437,33wmsadm1,2020-01-18 16:34:24.027,33wmsadm1,,,,,1
592,Z3D003,R27,BK 9697 CY,,2019-04-10 16:05:14.700,27wmsadm1,2019-04-10 16:05:41.557,27wmsadm1,,,,3D2727,1
593,Z3D002,S39,B 9943 OT,,2019-04-13 10:34:21.670,39wmsadm1,NULL,NULL,,,,,1
594,Z3D006,P27,BK 9706 IT,,2019-04-13 17:26:37.907,27WMSADM1,NULL,NULL,,,,,1
595,Z3D018,M27,BK8278VP,,2019-04-15 17:17:10.567,27WMSADM1,NULL,NULL,,,,,1
596,Z3D003,R27,BK 9509 DB,,2019-04-16 16:47:46.607,27wmsadm1,NULL,NULL,,,,3D2727,1
597,Z3D003,R27,BK 8510 DA,,2019-04-16 17:38:29.083,27wmsadm1,NULL,NULL,,,,3D2727,1
598,Z3D001,227,BK 9610 EK,,2019-04-18 11:03:22.707,27wmsadm1,NULL,NULL,,,,,1
599,Z3D003,R27,BL 8841 AO,,2019-04-23 16:30:23.050,27wmsadm1,NULL,NULL,,,,3D2727,1
600,Z3D003,R27,BK 8760 CO,,2019-04-24 17:39:53.537,27wmsadm1,NULL,NULL,,,,3D2727,1
601,Z3D018,S25,BE 9256 YU,,2019-04-25 15:29:16.450,25wmsadm1,NULL,NULL,,,,3D2525,1
602,Z3D018,S27,B 9908 UIS,,2019-04-26 13:43:19.450,27wmsadm1,NULL,NULL,,,,3D1010,1
603,Z3D013,S39,B 9116 WO,,2019-04-27 09:00:08.957,39wmsadm1,2019-04-27 09:00:51.143,39wmsadm1,,,,,1
604,Z3D006,P27,BK 9513 DL,,2019-04-27 09:50:30.317,27wmsadm1,NULL,NULL,,,,3D2727,1
605,Z3D006,P27,B 9881 FJ,,2019-04-29 18:02:28.220,27wmsadm1,NULL,NULL,,,,,1
606,Z3D004,S39,P 9957 GA,,2019-04-30 13:22:48.027,39wmsadm1,NULL,NULL,,,,,1
607,Z3D003,R27,BK 9547 CI,,2019-05-08 15:49:42.620,27wmsadm1,2019-05-08 15:51:54.533,27wmsadm1,,,,,1
608,Z3D003,R27,BK 9637 EJ,,2019-05-10 15:34:31.350,27wmsadm1,NULL,NULL,,,,3D2727,1
609,Z3D018,A27,BL 8553 EC,,2019-05-11 08:36:00.377,27wmsadm1,NULL,NULL,,,,3D2727,1
615,Z3D003,A27,BL 8617 AG,,2019-05-13 09:13:55.623,27wmsadm1,NULL,NULL,,,,,1
618,Z3D003,R27,BK 8880 CH,,2019-05-15 17:07:44.513,27wmsadm1,NULL,NULL,,,,,1
619,Z3D013,S25,BE 8077 CU,,2019-05-16 12:54:43.103,25wmsadm1,NULL,NULL,,,,3D1041,1
627,Z3D003,R27,BL 8723 AO,,2019-05-17 16:57:00.407,27wmsadm1,NULL,NULL,,,,3D2727,1
628,Z3D006,P27,BK 8075 DG,,2019-05-18 15:45:54.487,27wmsadm1,NULL,NULL,,,,3D2727,1
629,Z3D003,T16,H 1425 UF,,2019-05-31 09:11:57.180,16wmsadm1,NULL,NULL,,,,3D1515,1
630,Z3D006,P27,BK 9022 TA,,2019-06-13 14:55:29.073,27wmsadm1,NULL,NULL,,,,3D2727,1
631,Z3D002,S39,B 9769 SYK,,2019-06-18 12:31:51.003,39wmsadm1,NULL,NULL,,,,,1
632,Z3D003,P30,KB 9456 L,,2019-06-19 14:20:23.803,30WMSADM1,NULL,NULL,,,,,1
633,Z3D003,P30,KB 8825 DB,,2019-06-19 14:20:48.570,30WMSADM1,NULL,NULL,,,,,1
634,Z3D003,P30,KB 9478 AF,,2019-06-19 14:21:08.543,30WMSADM1,2019-12-20 16:11:26.870,30WMSADM1,,,,,0
635,Z3D003,P30,KB 8574 AT,,2019-06-19 18:05:36.020,30WMSADM1,2020-04-24 17:56:29.897,30WMSADM1,,,,,0
636,Z3D003,R27,BK 9950 DB,,2019-06-20 13:14:09.453,27wmsadm1,NULL,NULL,,,,3D2727,1
637,Z3D003,R27,BK 8870 DA,,2019-06-21 15:11:45.573,27wmsadm1,NULL,NULL,,,,3D2727,1
641,Z3D003,R27,BK 9446CY,,2019-06-21 16:12:52.543,27wmsadm1,NULL,NULL,,,,3D2727,1
642,Z3D003,P30,KB 8701 AW,,2019-06-21 17:26:17.617,30WMSADM1,2019-11-16 15:42:19.740,30WMSADM1,,,,,1
643,Z3D003,P30,KB 8860 AT,,2019-06-22 13:47:36.260,30WMSADM1,2019-12-28 18:36:31.597,30WMSADM1,,,,,1
644,Z3D003,P30,KB 8246 AW,,2019-06-22 13:49:14.333,30WMSADM1,2019-07-05 13:04:22.860,30WMSADM1,,,,,1
645,Z3D003,P30,KB 9078 AC,,2019-06-25 12:23:55.693,30WMSADM1,2019-12-20 16:11:41.837,30WMSADM1,,,,,0
646,Z3D003,P30,KB 8976 AT,,2019-06-26 12:00:13.357,30WMSADM1,2019-12-20 19:34:53.937,30WMSADM1,,,,,0
647,Z3D003,P20,DK 8530 BF,,2019-06-27 13:42:27.070,20wmsadm1,NULL,NULL,,,,,1
648,Z3D003,P20,DK 8529 BF,,2019-06-27 13:42:53.900,20wmsadm1,NULL,NULL,,,,,1
649,Z3D003,P30,KB 8846 V,,2019-06-27 15:55:07.710,30WMSADM1,2019-12-20 18:35:24.750,30WMSADM1,,,,,1
650,Z3D003,R27,BK 8309 DB,,2019-06-27 16:01:12.650,27wmsadm1,NULL,NULL,,,,3D2727,1
651,Z3D016,S27,B 9936 GEI,,2019-07-09 09:08:26.277,27wmsadm1,NULL,NULL,,,,,1
652,Z3D015,S27,BK 9469 EN,,2019-07-09 09:11:34.957,27wmsadm1,NULL,NULL,,,,,1
653,Z3D003,P20,DK 8531 BF,,2019-07-10 17:51:07.607,20wmsadm1,NULL,NULL,,,,,1
654,Z3D003,P20,DK 8537 BF,,2019-07-10 17:52:44.487,20wmsadm1,NULL,NULL,,,,,1
655,Z3D003,P30,KB 8971 SB,,2019-07-16 14:04:02.000,30WMSADM1,2020-04-22 15:22:16.887,30WMSADM1,,,,,0
656,Z3D003,P30,KB 8826 A,,2019-07-16 17:45:37.797,30WMSADM1,2020-01-30 17:22:44.053,30WMSADM1,,,,,1
657,Z3D003,R27,BL 8692 AK,,2019-07-17 14:53:36.310,27wmsadm1,NULL,NULL,,,,3D2727,1
658,Z3D001,P13,D 8311 FJ,,2019-07-19 11:22:55.053,13wmsadm1,2019-07-19 11:23:04.753,13wmsadm1,,,,3D1313,1
659,Z3D003,P13,D 8305 FJ,,2019-07-19 11:23:43.067,13wmsadm1,NULL,NULL,,,,3D1313,1
660,Z3D003,P13,D 8312 FJ,,2019-07-19 11:24:00.643,13wmsadm1,NULL,NULL,,,,3D1313,1
661,Z3D003,T28,B 9122 UXT,,2019-07-22 10:28:57.870,28wmsadm1,NULL,NULL,,,,3D2828,1
662,Z3D003,T28,B 9588 UXT,,2019-07-22 16:06:27.363,28wmsadm1,NULL,NULL,,,,3D2828,1
663,Z3D003,T28,B 9120 UXT,,2019-07-22 16:07:15.920,28wmsadm1,NULL,NULL,,,,3D2828,1
664,Z3D003,T28,B 9494 US,,2019-07-22 16:08:24.613,28wmsadm1,NULL,NULL,,,,3D2828,1
665,Z3D003,T28,B 9582 UAP,,2019-07-22 16:08:57.367,28wmsadm1,NULL,NULL,,,,3D2828,1
666,Z3D003,T28,B 8449 KG,,2019-07-22 16:09:37.947,28wmsadm1,NULL,NULL,,,,3D2828,1
667,Z3D026,T28,B 9121 UXT,,2019-07-22 16:10:18.367,28wmsadm1,NULL,NULL,,,,3D2828,1
668,Z3D006,P27,BK 8600 LL,,2019-07-27 11:34:40.420,27wmsadm1,NULL,NULL,,,,,1
669,Z3D003,P30,KB 9820 VB,,2019-08-08 15:51:36.413,30WMSADM1,2019-12-20 16:11:18.823,30WMSADM1,,,,,0
670,Z3D006,T28,B 9535 PO,,2019-08-15 16:00:35.037,28wmsadm1,NULL,NULL,,,,3D2828,1
671,Z3D007,T28,B 9499 UEK,,2019-08-15 16:01:36.337,28wmsadm1,NULL,NULL,,,,3D2828,1
672,Z3D006,T28,B 9663 TU,,2019-08-15 16:02:09.853,28wmsadm1,NULL,NULL,,,,3D2828,1
674,Z3D003,P30,KB 9658 HD,,2019-08-21 13:27:43.747,30WMSADM1,2020-01-15 17:49:12.967,30WMSADM1,,,,,1
675,Z3D015,P13,BE 9355 BJ,,2019-08-22 13:14:43.980,13wmsadm1,NULL,NULL,,,,3D1313,1
676,Z3D003,P30,KB 9011 P,,2019-08-23 15:34:00.477,30WMSADM1,NULL,NULL,,,,,1
677,Z3D003,R27,BL 8691 AK,,2019-08-23 15:45:08.507,27wmsadm1,NULL,NULL,,,,3D2727,1
678,Z3D003,P30,KB 9079 AN,,2019-08-29 17:48:02.090,30WMSADM1,NULL,NULL,,,,,1
679,Z3D003,P30,KB 9962 G,,2019-09-12 13:47:14.167,30WMSADM1,2019-12-20 16:12:39.540,30WMSADM1,,,,,0
680,Z3D003,P30,KB 8506 AW,,2019-09-12 16:41:37.897,30WMSADM1,2019-10-17 11:11:11.467,30WMSADM1,,,,,1
681,Z3D002,T28,B 9643 UXU,,2019-09-14 13:37:46.017,28wmsadm1,NULL,NULL,,,,,1
682,Z3D003,T28,B 9639 DXU,,2019-09-14 13:38:34.377,28wmsadm1,NULL,NULL,,,,,1
683,Z3D026,T28,B 9032 GO,,2019-09-14 13:39:20.703,28wmsadm1,NULL,NULL,,,,,1
684,Z3D002,T28,B 9569 UAP,,2019-09-14 13:40:20.847,28wmsadm1,NULL,NULL,,,,,1
688,Z3D015,S33,BE 8840 CU,,2019-09-21 16:58:41.693,33wmsadm1,2020-05-29 16:07:12.550,33wmsadm1,,,,,1
692,Z3D003,K21,KT 8159 WC,,2019-11-05 14:14:48.770,21wmsadm1,NULL,NULL,,,,,1
693,Z3D003,K21,KT 8599 BU,,2019-11-12 12:14:26.573,21wmsadm1,NULL,NULL,,,,,1
694,Z3D003,P20,DK 8527 BF,,2019-11-15 16:19:36.617,20wmsadm1,NULL,NULL,,,,,1
695,Z3D013,P20,BE 9656 NB,,2019-11-15 16:20:41.947,20wmsadm1,NULL,NULL,,,,,1
696,Z3D003,R27,BK 8840 CH,,2019-12-03 15:42:20.957,27wmsadm1,NULL,NULL,,,,3D2727,1
697,Z3D003,P30,KB 8955 S,,2019-12-20 17:52:43.990,30WMSADM1,NULL,NULL,,,,,1
698,Z3D001,P13,B 9864 TAU,,2020-01-09 11:50:52.667,13wmsadm1,NULL,NULL,,,,3D1313,1
699,Z3D003,P16,T 8933 DF,,2020-01-14 14:05:23.007,16wmsadm1,NULL,NULL,,,,3D1616,1
700,Z3D006,P27,BK 9193 LO,,2020-01-16 11:10:10.943,27wmsadm1,NULL,NULL,,,,3D2727,1
702,Z3D003,D91,BM 9586 SU,,2020-01-21 10:49:39.150,91wmsadm2,NULL,NULL,,,,,1
703,Z3D002,D91,BP 9387 DE,,2020-01-21 10:51:41.857,91wmsadm2,NULL,NULL,,,,,1
704,Z3D026,D91,BP 9451 DE,,2020-01-21 10:51:56.553,91wmsadm2,NULL,NULL,,,,,1
706,Z3D002,P92,DK 8158 AY,,2020-01-17 14:18:49.120,92wmsadm1,2020-02-27 13:50:28.683,92wmsadm2,,,,3D9292,1
707,Z3D002,P92,DK 8094 AY,,2020-01-17 14:19:06.933,92wmsadm1,2020-02-27 13:50:53.263,92wmsadm2,,,,3D9292,1
708,Z3D001,P92,DK 8432 J,,2020-01-17 14:19:24.480,92wmsadm1,2020-02-27 13:49:47.310,92wmsadm2,,,,3D9292,1
710,Z3D001,P93,D 8503_FE,,2020-01-17 13:24:40.597,93wmsadm1,NULL,NULL,,,,,1
711,Z3D002,P93,D 8411_FE,,2020-01-17 13:24:56.957,93wmsadm1,NULL,NULL,,,,,1
712,Z3D003,P93,D 8305_FJ,,2020-01-17 13:25:12.673,93wmsadm1,NULL,NULL,,,,,1
714,Z3D001,T80,L 9255 LJ,,2020-01-17 16:51:28.257,logadmsby1,NULL,NULL,,,,,1
715,Z3D003,T80,AE 8044 SA,,2020-01-17 16:52:03.553,logadmsby1,NULL,NULL,,,,,1
716,Z3D003,T80,AG 8365 VB,,2020-01-17 16:52:19.630,logadmsby1,NULL,NULL,,,,,1
717,Z3D003,T80,B 9801 JT,,2020-01-17 16:52:41.413,logadmsby1,NULL,NULL,,,,,1
718,Z3D003,T80,H 1804 DQ,,2020-01-17 16:52:57.740,logadmsby1,NULL,NULL,,,,,1
719,Z3D003,T80,L 8112 FQ,,2020-01-17 16:53:11.350,logadmsby1,NULL,NULL,,,,,1
720,Z3D003,T80,L 8151 AJ,,2020-01-17 16:53:25.943,logadmsby1,NULL,NULL,,,,,1
721,Z3D003,T80,L 8352 LJ,,2020-01-17 16:53:37.430,logadmsby1,NULL,NULL,,,,,1
722,Z3D003,T80,L 8573 AB,,2020-01-17 16:53:48.647,logadmsby1,NULL,NULL,,,,,1
723,Z3D003,T80,L 9659 GH,,2020-01-17 16:54:03.350,logadmsby1,NULL,NULL,,,,,1
724,Z3D003,T80,N 9927 TC,,2020-01-17 16:54:18.837,logadmsby1,NULL,NULL,,,,,1
725,Z3D003,T80,S 8912 JC,,2020-01-17 16:54:33.570,logadmsby1,NULL,NULL,,,,,1
726,Z3D003,T80,S 8927 SA,,2020-01-17 16:54:49.477,logadmsby1,NULL,NULL,,,,,1
727,Z3D003,T80,S 9304 SA,,2020-01-17 16:55:02.540,logadmsby1,NULL,NULL,,,,,1
728,Z3D003,T80,W 8877 NH,,2020-01-17 16:55:36.477,logadmsby1,NULL,NULL,,,,,1
729,Z3D003,T80,W 9755 XB,,2020-01-17 16:59:10.567,logadmsby1,NULL,NULL,,,,,1
730,Z3D004,T80,AG 8471 VA,,2020-01-17 16:59:25.303,logadmsby1,2020-01-20 08:26:02.393,logadmsby1,,,,,1
731,Z3D004,T80,AG 9474 RK,,2020-01-17 16:59:36.787,logadmsby1,2020-01-20 08:26:25.677,logadmsby1,,,,,1
732,Z3D004,T80,B 9552 DK,,2020-01-17 16:59:54.693,logadmsby1,2020-01-20 08:26:42.817,logadmsby1,,,,,1
733,Z3D004,T80,W 8343 NR,,2020-01-17 17:00:07.883,logadmsby1,2020-01-20 08:27:08.117,logadmsby1,,,,,1
734,Z3D001,D80,L 9624 BE,,2020-01-17 17:00:23.087,logadmsby1,2020-01-17 17:02:11.200,logadmsby1,,,,,1
735,Z3D001,D80,L 9642 BE,,2020-01-17 17:00:35.637,logadmsby1,2020-01-17 17:02:36.253,logadmsby1,,,,,1
736,Z3D003,D80,N 8601 BJ,,2020-01-17 17:00:47.463,logadmsby1,2020-01-17 17:02:54.820,logadmsby1,,,,,1
737,Z3D003,D80,N 9114 CE,,2020-01-17 17:01:00.853,logadmsby1,2020-01-17 17:03:13.897,logadmsby1,,,,,1
738,Z3D001,S80,L 1501 PC,,2020-01-17 17:01:11.947,logadmsby1,2020-01-17 17:03:37.667,logadmsby1,,,,,1
739,Z3D001,S80,W 8139 Y,,2020-01-17 17:01:23.463,logadmsby1,2020-01-17 17:04:28.277,logadmsby1,,,,,1
740,Z3D001,S80,W 8139 YC,,2020-01-17 17:07:13.867,logadmsby1,NULL,NULL,,,,,1
741,Z3D001,S80,W 8460 NF,,2020-01-17 17:07:57.647,logadmsby1,NULL,NULL,,,,,1
742,Z3D001,S80,W 8643 XC,,2020-01-20 08:29:31.347,logadmsby1,NULL,NULL,,,,,1
743,Z3D003,S80,AE 8291 US,,2020-01-20 08:30:11.787,logadmsby1,NULL,NULL,,,,,1
744,Z3D003,S80,AG 8354 IY,,2020-01-20 08:30:35.397,logadmsby1,NULL,NULL,,,,,1
745,Z3D003,S80,L 8426 AQ,,2020-01-20 08:30:57.943,logadmsby1,NULL,NULL,,,,,1
746,Z3D003,S80,L 8958 VE,,2020-01-20 08:31:18.257,logadmsby1,NULL,NULL,,,,,1
747,Z3D003,S80,L 9624 VZ,,2020-01-20 08:31:43.290,logadmsby1,NULL,NULL,,,,,1
748,Z3D003,S80,L 9697 BR,,2020-01-20 08:32:03.353,logadmsby1,NULL,NULL,,,,,1
749,Z3D003,S80,N 9223 DL,,2020-01-20 08:32:24.633,logadmsby1,NULL,NULL,,,,,1
750,Z3D003,S80,N 9862 KD,,2020-01-20 08:32:44.230,logadmsby1,NULL,NULL,,,,,1
751,Z3D003,S80,S 9716 W,,2020-01-20 08:33:00.807,logadmsby1,NULL,NULL,,,,,1
752,Z3D003,S80,W 8457 NO,,2020-01-20 08:33:14.917,logadmsby1,NULL,NULL,,,,,1
753,Z3D003,S80,W 8746 J,,2020-01-20 08:33:40.387,logadmsby1,NULL,NULL,,,,,1
754,Z3D004,S80,AG 8264 UE,,2020-01-20 08:33:56.573,logadmsby1,NULL,NULL,,,,,1
755,Z3D004,S80,L 8031 ZT,,2020-01-20 08:34:14.480,logadmsby1,NULL,NULL,,,,,1
756,Z3D004,S80,L 8881 UU,,2020-01-20 08:35:22.310,logadmsby1,NULL,NULL,,,,,1
757,Z3D004,S80,N 7851 UW,,2020-01-20 08:35:37.077,logadmsby1,NULL,NULL,,,,,1
758,Z3D004,S80,S 8231 UA,,2020-01-20 08:36:11.530,logadmsby1,NULL,NULL,,,,,1
759,Z3D004,S80,S 9402 T,,2020-01-20 08:36:41.110,logadmsby1,NULL,NULL,,,,,1
760,Z3D003,P16,T 9807 DF,,2020-02-08 16:03:52.317,16wmsadm1,NULL,NULL,,,,3D1616,1
761,Z3D003,P16,T 9805 DF,,2020-02-08 16:04:14.613,16wmsadm1,NULL,NULL,,,,3D1616,1
763,Z3D003,W31,DD 8592  RI,,2020-02-17 15:02:02.817,31wmsadm1,NULL,NULL,,,,3D3131,1
767,Z3D003,W31,DD 8839  RS,,2020-02-17 15:03:33.193,31wmsadm1,NULL,NULL,,,,3D3131,1
771,Z3D003,W31,DD 8045  RQ,,2020-02-17 15:06:28.473,31wmsadm1,NULL,NULL,,,,3D3131,1
772,Z3D002,W31,DD 8841  RS,,2020-02-17 15:06:56.567,31wmsadm1,NULL,NULL,,,,3D3131,1
773,Z3D002,W31,DD 8927  RU,,2020-02-17 15:07:25.333,31wmsadm1,NULL,NULL,,,,3D3131,1
776,Z3D002,W31,DD 8842  RS,,2020-02-17 15:08:38.067,31wmsadm1,NULL,NULL,,,,3D3131,1
780,Z3D002,W31,DD  8829 RQ,,2020-02-17 15:12:01.100,31wmsadm1,NULL,NULL,,,,3D3131,1
781,Z3D002,W31,DD 8036 SG,,2020-02-17 15:12:35.850,31wmsadm1,NULL,NULL,,,,3D3131,1
782,Z3D003,W31,DB 8993 AT,,2020-02-17 17:29:33.017,31wmsadm1,NULL,NULL,,,,3D3131,1
783,Z3D003,W31,DN 8860 AA,,2020-02-17 18:04:33.447,31wmsadm1,NULL,NULL,,,,3D3131,1
784,Z3D003,W31,DM 8027 RB,,2020-02-18 12:40:36.807,31wmsadm1,NULL,NULL,,,,3D3131,1
785,Z3D003,W31,DM 8423  BG,,2020-02-18 12:41:26.103,31wmsadm1,NULL,NULL,,,,3D3131,1
786,Z3D003,W31,DB 8508 AO,,2020-02-18 12:48:18.210,31wmsadm1,NULL,NULL,,,,3D3131,1
787,Z3D003,W31,DB 8117 CP,,2020-02-18 12:48:56.777,31wmsadm1,NULL,NULL,,,,3D3131,1
788,Z3D003,K21,KT 8138 NU,,2020-03-10 09:34:23.467,21wmsadm1,NULL,NULL,,,,,1
789,Z3D003,R27,BK 9245 DC,,2020-03-12 16:13:53.633,27wmsadm1,NULL,NULL,,,,,1
790,Z3D026,P14,T 9160 DL,,2020-03-20 13:15:02.967,14wmsadm1,NULL,NULL,,,,3D1414,1
791,Z3D016,A27,BK 8393 BE,,2020-03-26 11:42:20.670,27wmsadm1,NULL,NULL,,,,,1
792,Z3D003,P30,KB 8657 HB,,2020-04-23 16:33:30.707,30WMSADM1,NULL,NULL,,,,,1
